Theme,blog_ID,Published At time,Published At Year,Published At Month,Month Name,Published At Day_of_month
4,ID_X8ZV,04:42.9,4,1,Jan,25
5,ID_8F65,11:30.9,4,1,Jan,18
2,ID_PUDU,50:50.2,3,1,Jan,4
2,ID_WP2W,37:21.0,3,1,Jan,18
2,ID_I8XE,02:45.3,3,1,Jan,25
3,ID_9CDA,05:02.2,2,1,Jan,3
4,ID_JUB6,01:31.5,1,1,Jan,2
5,ID_7QFL,42:08.7,1,1,Jan,9
4,ID_HAQH,56:15.5,1,1,Jan,9
3,ID_QR5X,02:57.2,1,1,Jan,16
4,ID_4EIQ,05:11.3,1,1,Jan,23
1,ID_EUC8,41:30.1,1,1,Jan,30
2,ID_E7A3,33:41.2,4,2,Feb,19
2,ID_2Q87,49:03.6,3,2,Feb,9
,ID_1WM1,25:14.2,3,2,Feb,23
3,ID_C1US,29:29.8,2,2,Feb,1
2,ID_F1VZ,24:48.0,2,2,Feb,14
1,ID_A74U,12:49.4,2,2,Feb,28
1,ID_SEBQ,08:03.4,1,2,Feb,14
5,ID_XNC8,54:45.5,1,2,Feb,28
2,ID_Z3KJ,46:04.7,4,3,Mar,6
2,ID_G880,43:21.5,4,3,Mar,20
1,ID_81CM,16:45.4,4,3,Mar,30
3,ID_N048,34:29.7,3,3,Mar,20
2,ID_J25H,39:55.0,2,3,Mar,12
1,ID_GOJM,18:18.4,2,3,Mar,25
4,ID_QEGV,01:31.0,1,3,Mar,4
4,ID_OD7E,59:56.0,1,3,Mar,11
5,ID_Z6MM,34:55.1,5,4,Apr,5
5,ID_7IB3,51:13.3,5,4,Apr,5
3,ID_JR8K,19:08.9,5,4,Apr,17
1,ID_6UVW,20:24.9,4,4,Apr,2
5,ID_RIFS,18:19.1,4,4,Apr,2
1,ID_20QL,04:54.9,4,4,Apr,10
1,ID_OQBH,29:15.0,2,4,Apr,1
1,ID_Y3QI,44:59.4,2,4,Apr,8
3,ID_23W7,27:08.3,2,4,Apr,23
2,ID_3MK5,52:51.2,2,4,Apr,29
5,ID_BYCA,47:22.3,1,4,Apr,1
2,ID_3MFP,34:57.0,1,4,Apr,8
4,ID_TTTU,54:57.7,1,4,Apr,15
4,ID_ATLA,11:05.4,1,4,Apr,29
2,ID_M6X6,37:47.7,4,5,May,10
2,ID_VXPF,59:45.9,4,5,May,15
3,ID_AKY2,58:18.2,3,5,May,1
2,ID_ZEOE,36:57.5,3,5,May,22
1,ID_406V,57:01.9,2,5,May,7
1,ID_LGNV,07:19.0,2,5,May,14
1,ID_PNAQ,43:38.9,2,5,May,20
1,ID_J1DN,23:51.3,2,5,May,27
2,ID_C4OY,12:16.6,1,5,May,27
2,ID_LZRD,38:00.9,4,6,Jun,5
1,ID_WOOH,09:39.4,4,6,Jun,7
4,ID_S3A0,48:08.7,3,6,Jun,12
5,ID_SP1U,20:23.6,3,6,Jun,19
2,ID_WXGL,41:17.1,3,6,Jun,25
1,ID_4ZAC,58:46.6,2,6,Jun,18
3,ID_Q3F6,46:53.6,2,6,Jun,25
2,ID_IDAV,18:06.2,5,7,Jul,6
2,ID_Z829,37:28.1,4,7,Jul,13
1,ID_L4XI,57:20.7,3,7,Jul,15
2,ID_ZZKK,08:26.1,3,7,Jul,24
4,ID_6FNJ,34:16.6,2,7,Jul,2
2,ID_7JVL,48:36.4,4,8,Aug,25
2,ID_NVX3,56:34.7,3,8,Aug,17
2,ID_VIQ1,20:39.7,2,8,Aug,7
1,ID_FE45,14:38.7,2,8,Aug,14
3,ID_KFKU,19:23.5,2,8,Aug,28
1,ID_Q2AQ,51:35.7,1,8,Aug,6
3,ID_71PM,31:31.6,1,8,Aug,13
2,ID_GZ7Z,16:05.2,1,8,Aug,20
1,ID_FMYJ,55:38.7,1,8,Aug,27
2,ID_RY9N,10:52.3,4,9,Sep,22
3,ID_HOZ3,23:50.1,3,9,Sep,6
4,ID_HHYP,59:13.2,3,9,Sep,21
2,ID_UD7C,35:18.0,2,9,Sep,11
4,ID_7GVR,10:40.8,2,9,Sep,18
5,ID_YEJW,29:18.6,1,9,Sep,3
4,ID_EHBF,23:18.1,1,9,Sep,17
4,ID_21DG,57:28.1,1,9,Sep,24
2,ID_5SM9,25:43.8,4,10,Oct,1
2,ID_R97T,06:17.2,3,10,Oct,10
2,ID_22WI,59:31.3,3,10,Oct,3
,ID_K7ZU,58:12.3,3,10,Oct,3
5,ID_DBCO,26:18.6,3,10,Oct,4
4,ID_IQMY,33:20.7,3,10,Oct,12
2,ID_9RIT,59:47.5,3,10,Oct,17
5,ID_13GX,29:07.8,3,10,Oct,19
5,ID_F3TO,13:21.0,3,10,Oct,26
4,ID_V2LR,40:57.2,2,10,Oct,4
4,ID_NEQG,09:59.3,4,11,Nov,5
2,ID_N7KH,36:42.8,4,11,Nov,12
2,ID_A8QW,55:59.9,3,11,Nov,2
2,ID_4IVA,00:40.3,3,11,Nov,7
5,ID_RG6P,34:43.5,3,11,Nov,9
2,ID_J6VS,19:51.3,3,11,Nov,14
,ID_K8O7,04:11.2,3,11,Nov,15
1,ID_5QSJ,59:32.1,3,11,Nov,16
2,ID_TUSP,25:21.3,3,11,Nov,30
4,ID_LOO5,07:42.3,2,11,Nov,15
4,ID_AL0Q,47:21.4,2,11,Nov,22
4,ID_70AO,37:16.9,2,11,Nov,30
2,ID_0G4L,31:53.8,1,11,Nov,7
1,ID_KRWI,05:42.9,1,11,Nov,14
2,ID_R326,06:26.6,1,11,Nov,21
1,ID_PTSN,28:33.8,4,12,Dec,20
2,ID_UTI2,15:20.4,4,12,Dec,17
5,ID_EY3D,13:38.3,4,12,Dec,30
3,ID_QETJ,16:01.8,3,12,Dec,1
4,ID_7HKO,18:34.6,3,12,Dec,1
2,ID_Z900,00:36.3,3,12,Dec,14
2,ID_2MAO,40:58.4,3,12,Dec,12
3,ID_NTRF,19:49.0,2,12,Dec,13
2,ID_YV8T,56:33.4,2,12,Dec,27
2,ID_ZXUY,10:26.3,1,12,Dec,5
5,ID_BYHB,48:00.6,1,12,Dec,12
1,ID_HJAO,02:13.7,1,12,Dec,26
