Competition ID,Personal,Theme,Disc_ID,User_ID,Created At time,Created At Year,Created At Month,Created At Day_of_month
ID_64EM,0,1,ID_3XKIOF,ID_CEDNKSVV,23:28.8,1,1,3
ID_GR92,0,4,ID_JFPPYO,ID_CEDNKSVV,50:18.5,1,1,3
ID_GR92,0,4,ID_TV9UIV,ID_CEDNKSVV,12:04.2,1,1,3
GeneralDiscussion,1,,ID_YIEKM3,ID_O1LBVDH8,01:24.6,1,1,3
GeneralDiscussion,1,,ID_31S9U5,ID_GPXBD1BG,04:11.1,1,1,14
GeneralDiscussion,1,,ID_XNO997,ID_JNZQMMX0,57:02.2,1,1,14
ID_528W,0,5,ID_183IIQ,ID_JNZQMMX0,04:46.5,1,1,14
ID_I9BN,1,,ID_DK2VV3,ID_L9ELDRMB,11:15.3,1,1,14
ID_528W,0,,ID_6R98NA,ID_ZELO1E3N,17:32.0,1,1,1
GeneralDiscussion,1,,ID_PZ6MG8,ID_VF9G3ML6,52:42.5,1,1,8
GeneralDiscussion,1,,ID_ZTJFH1,ID_VF9G3ML6,29:07.3,1,1,8
GeneralDiscussion,1,,ID_17RQNZ,ID_VF9G3ML6,02:25.0,1,1,13
ID_528W,0,,ID_J4CUCU,ID_VF9G3ML6,32:47.4,1,1,8
GeneralDiscussion,1,,ID_B2JQIX,ID_VF9G3ML6,54:01.6,1,1,8
GeneralDiscussion,1,,ID_2VJEAH,ID_VF9G3ML6,06:17.2,1,1,13
GeneralDiscussion,1,,ID_KLMLWJ,ID_VF9G3ML6,00:13.4,1,1,13
ID_20XL,1,,ID_TQLY3U,ID_G23UREIF,04:13.9,1,1,18
ID_GR92,1,,ID_W7M84I,ID_G23UREIF,20:43.4,1,1,2
GeneralDiscussion,1,,ID_QDSRJJ,ID_75E0EBLB,25:22.0,1,1,6
GeneralDiscussion,1,,ID_WMQVAK,ID_FDVZK203,26:15.6,1,1,3
ID_528W,0,5,ID_X5PLV5,ID_XYUF9G9Y,51:16.6,1,1,4
ID_OXOJ,1,,ID_0KU1R1,ID_NF319G7N,57:25.9,1,1,23
ID_528W,0,1,ID_IRT1AX,ID_PROILWVY,25:21.0,1,1,11
GeneralDiscussion,1,,ID_81BX8M,ID_02MW81ND,52:00.9,1,1,19
GeneralDiscussion,1,,ID_HMJQZF,ID_LU9CRF87,43:19.6,1,1,1
ID_528W,0,1,ID_HEYWKB,ID_LU9CRF87,33:34.5,1,1,14
GeneralDiscussion,1,,ID_2LXZ2J,ID_J8I4RM2Y,16:45.5,1,1,24
ID_528W,0,5,ID_6BX7O9,ID_CQ23EV8G,41:17.7,1,1,29
GeneralDiscussion,1,,ID_5QY1ZC,ID_SDV9Q3E9,55:02.5,1,1,8
ID_528W,0,,ID_3WGSKL,ID_YVGPS54D,34:00.9,1,1,9
GeneralDiscussion,1,,ID_2T74M3,ID_YVGPS54D,48:10.4,1,1,9
GeneralDiscussion,1,,ID_CK4L63,ID_8L1NMBKY,16:38.6,1,1,14
ID_20XL,0,3,ID_X5EACW,ID_BR6WUG14,46:35.8,1,1,7
ID_528W,0,,ID_6K64JY,ID_UPB47BLL,48:18.5,1,1,7
GeneralDiscussion,1,,ID_YC36K9,ID_EU62HA1Q,25:58.4,1,1,3
GeneralDiscussion,1,,ID_72GO2Q,ID_AJ1VQYEJ,09:32.9,1,1,1
GeneralDiscussion,1,,ID_HLQ70W,ID_EDOLTBN7,54:04.3,1,1,14
GeneralDiscussion,1,,ID_W93DJ5,ID_EDOLTBN7,50:03.1,1,1,14
ID_528W,0,1,ID_VIH0CB,ID_EDOLTBN7,25:05.8,1,1,24
GeneralDiscussion,1,,ID_5UXVL2,ID_2F218EUV,54:39.0,1,1,15
GeneralDiscussion,1,,ID_5MJRT0,ID_2F218EUV,46:59.1,1,1,15
ID_528W,0,1,ID_UI3DQF,ID_DMD15MNS,32:37.0,1,1,14
GeneralDiscussion,1,,ID_6IRUYJ,ID_DMD15MNS,50:01.4,1,1,4
GeneralDiscussion,1,,ID_V77PWT,ID_KNKV8AKO,54:40.6,1,1,24
ID_528W,0,1,ID_AZ1OX9,ID_98KP92NY,45:50.0,1,1,1
GeneralDiscussion,1,,ID_0H4NG2,ID_98KP92NY,35:21.8,1,1,1
GeneralDiscussion,1,,ID_6SCLAM,ID_98KP92NY,44:44.3,1,1,1
ID_528W,0,1,ID_8S1OVP,ID_WXIO8176,23:38.5,1,1,24
GeneralDiscussion,1,,ID_G3OIA6,ID_5Y8QGZWR,47:47.7,1,1,18
GeneralDiscussion,1,,ID_4BTZP9,ID_WZCG3HCV,19:45.2,1,1,1
ID_528W,0,3,ID_O52TU4,ID_HC4BEZD4,16:10.0,1,1,9
GeneralDiscussion,1,,ID_3ZV50S,ID_HC4BEZD4,50:50.3,1,1,9
GeneralDiscussion,1,,ID_JZOGRG,ID_HC4BEZD4,53:15.9,1,1,24
GeneralDiscussion,1,,ID_LAR8TW,ID_HC4BEZD4,58:24.7,1,1,24
GeneralDiscussion,1,,ID_QYS0S9,ID_HC4BEZD4,06:19.4,1,1,24
GeneralDiscussion,1,,ID_9Z59IU,ID_HC4BEZD4,16:07.2,1,1,24
GeneralDiscussion,1,,ID_7OZ9Q4,ID_HC4BEZD4,47:21.9,1,1,9
ID_528W,0,1,ID_VMAW54,ID_HC4BEZD4,09:20.6,1,1,1
ID_528W,0,5,ID_HQOJBS,ID_HC4BEZD4,43:08.2,1,1,22
GeneralDiscussion,1,,ID_70HYXV,ID_HC4BEZD4,01:41.8,1,1,24
GeneralDiscussion,1,,ID_C35NGI,ID_CNBSX785,06:36.4,1,1,1
GeneralDiscussion,1,,ID_HGRI6T,ID_QRKEM9KT,05:16.9,1,1,14
ID_528W,0,1,ID_J2D0N2,ID_QRKEM9KT,55:15.9,1,1,14
GeneralDiscussion,1,,ID_X5H9P8,ID_QRKEM9KT,20:30.1,1,1,14
GeneralDiscussion,1,,ID_JKSO5J,ID_QRKEM9KT,07:59.9,1,1,14
ID_528W,0,1,ID_4PVVT3,ID_PQG4U6Z9,02:31.6,1,1,11
GeneralDiscussion,1,,ID_10B2CG,ID_PQG4U6Z9,08:02.9,1,1,19
GeneralDiscussion,1,,ID_FCVEOR,ID_PQG4U6Z9,16:49.6,1,1,10
GeneralDiscussion,1,,ID_W2IEUV,ID_RR5FJVY6,53:10.7,1,1,22
ID_528W,0,1,ID_X3K36G,ID_RR5FJVY6,37:14.3,1,1,22
GeneralDiscussion,1,,ID_QTNOLX,ID_6NWT2NGR,04:54.3,1,1,3
GeneralDiscussion,1,,ID_1OB7VA,ID_6NWT2NGR,49:12.2,1,1,8
GeneralDiscussion,1,,ID_TA637H,ID_6NWT2NGR,18:30.6,1,1,3
ID_PDKH,0,,ID_IWGQLO,ID_UL7A36RS,10:27.0,1,1,22
GeneralDiscussion,1,,ID_WLTBR8,ID_HWAO3KXZ,46:52.8,1,1,14
GeneralDiscussion,1,,ID_J8CROW,ID_6FWB89V7,21:05.2,1,1,11
ID_528W,0,3,ID_LZETUI,ID_6FWB89V7,24:17.9,1,1,8
ID_528W,0,3,ID_RAFDGN,ID_6FWB89V7,36:13.6,1,1,8
ID_528W,0,1,ID_2WS956,ID_6FWB89V7,31:41.0,1,1,8
GeneralDiscussion,1,,ID_1T5AVY,ID_60X2HO6M,46:17.2,1,1,28
GeneralDiscussion,1,,ID_CTG5GB,ID_60X2HO6M,41:36.8,1,1,28
GeneralDiscussion,1,,ID_VGZ0A4,ID_5F9NZW6M,05:28.0,1,1,24
GeneralDiscussion,1,,ID_FFB7MD,ID_5F9NZW6M,07:24.4,1,1,14
GeneralDiscussion,1,,ID_LA755K,ID_5F9NZW6M,11:28.4,1,1,14
GeneralDiscussion,1,,ID_BLUGGB,ID_5MT9BGHX,23:58.8,1,1,7
ID_8B8I,1,,ID_N09MUK,ID_R9QMVA0T,05:20.8,1,1,24
GeneralDiscussion,1,,ID_RBMDW0,ID_29WTP570,39:28.9,1,1,3
ID_528W,0,1,ID_EY4LOW,ID_29WTP570,01:40.0,1,1,3
GeneralDiscussion,1,,ID_5XGRLL,ID_C78MA4IQ,46:19.0,1,1,24
GeneralDiscussion,0,,ID_4KVJDK,ID_C78MA4IQ,09:33.5,1,1,24
GeneralDiscussion,1,,ID_1M7DXO,ID_ZLW4C9XI,17:47.9,1,1,24
GeneralDiscussion,1,,ID_L2FILM,ID_TZL5UD00,10:30.7,1,1,24
ID_528W,0,1,ID_LC5LJX,ID_4DS3ZDJ2,58:55.4,1,1,9
GeneralDiscussion,1,,ID_IXR7D3,ID_M6F99Q39,20:40.5,1,1,14
GeneralDiscussion,1,,ID_GNE9FC,ID_MNUN0Q5A,27:51.2,1,1,3
ID_I9BN,1,,ID_DB0J8V,ID_SDBE69DC,46:51.1,1,1,18
GeneralDiscussion,1,,ID_Q25CYY,ID_9PC08XPE,11:18.7,1,1,3
ID_528W,0,1,ID_OEPBI2,ID_AQIBV924,58:37.3,1,1,21
GeneralDiscussion,1,,ID_N2R95F,ID_AQIBV924,02:31.7,1,1,21
ID_528W,0,,ID_UKIIYZ,ID_AQIBV924,01:49.0,1,1,21
GeneralDiscussion,1,,ID_J3ZCRX,ID_AQIBV924,26:48.4,1,1,29
ID_528W,0,,ID_NUHWLL,ID_R28FKHBO,09:34.2,1,1,30
ID_GR92,0,,ID_XIW6GY,ID_4856WUKZ,30:40.7,1,1,3
GeneralDiscussion,1,,ID_1QNXNE,ID_4856WUKZ,57:13.0,1,1,4
ID_GR92,0,1,ID_EXHMZ5,ID_4856WUKZ,04:10.7,1,1,3
GeneralDiscussion,1,,ID_LX9C0R,ID_A7AERWZQ,29:14.7,1,1,30
GeneralDiscussion,1,,ID_YPE2XB,ID_ASF2Z800,13:50.8,1,1,20
ID_8B8I,1,,ID_WP7PFE,ID_ASF2Z800,28:54.2,1,1,24
ID_20XL,1,,ID_6YEI28,ID_ASF2Z800,28:54.1,1,1,24
GeneralDiscussion,1,,ID_9408WB,ID_4QN8K0FL,46:00.6,1,1,8
ID_528W,0,,ID_IE0X05,ID_SD1IV0P4,57:46.5,1,1,9
ID_528W,0,1,ID_KFGQRF,ID_9UT1EQ33,21:02.0,1,1,20
ID_528W,0,1,ID_1CRFE0,ID_9UT1EQ33,23:17.9,1,1,23
ID_528W,0,3,ID_GWZR2P,ID_0SXRNUSA,22:58.1,1,1,7
ID_GR92,1,,ID_4KA6SY,ID_5KIKCV5C,48:53.9,1,1,26
GeneralDiscussion,1,,ID_XD3Z5F,ID_YCIFFCJA,33:33.4,1,1,8
GeneralDiscussion,1,,ID_KXFWT3,ID_XDH8IJ1N,24:43.8,1,1,30
GeneralDiscussion,1,,ID_1E9XQ1,ID_06C3AY6T,51:00.2,1,1,16
GeneralDiscussion,1,,ID_H8HZSQ,ID_R48FY71V,26:45.0,1,1,9
ID_56O8,0,1,ID_CNJH5V,ID_PG64ZY18,36:45.4,1,1,29
GeneralDiscussion,1,,ID_RODT2O,ID_HC4JG53U,47:59.7,1,1,3
GeneralDiscussion,1,,ID_DW5BVV,ID_GRK0PY5B,18:33.3,1,1,4
GeneralDiscussion,1,,ID_CC2PF1,ID_LSFLNLSY,15:43.2,1,1,11
ID_I9BN,0,2,ID_A1S4P3,ID_U7FKHHW1,12:43.2,1,1,25
GeneralDiscussion,1,,ID_HG0JB2,ID_NILTYSPH,21:04.0,1,1,23
GeneralDiscussion,1,,ID_GY26AX,ID_DDSVZY4P,18:09.5,1,1,4
GeneralDiscussion,1,,ID_63VRLC,ID_96O5PVEP,39:34.8,1,1,20
GeneralDiscussion,1,,ID_N643GV,ID_PFND37AZ,33:46.4,1,1,6
ID_528W,0,,ID_DPDGDZ,ID_TROKANDP,27:50.3,1,1,27
GeneralDiscussion,1,,ID_XHJY7K,ID_EMWATOK0,33:23.6,1,1,4
GeneralDiscussion,1,,ID_OT217H,ID_DPA88R5Q,21:04.5,1,1,24
GeneralDiscussion,1,,ID_8B7O3F,ID_I2BWZCWU,35:44.3,1,1,1
GeneralDiscussion,1,,ID_54NGF1,ID_L3SE5MXW,33:29.5,1,1,30
ID_528W,0,1,ID_GCOB3J,ID_L3SE5MXW,47:31.2,1,1,7
GeneralDiscussion,1,,ID_D4RTHY,ID_E17DNGIV,02:59.1,1,1,10
GeneralDiscussion,1,,ID_41HBEM,ID_LSIU7P17,53:16.9,1,1,8
GeneralDiscussion,0,2,ID_SU9B8U,ID_LSIU7P17,30:09.0,1,1,8
ID_6E1C,0,,ID_73U232,ID_P5AUPE7P,14:08.9,1,1,21
GeneralDiscussion,1,,ID_TE39BV,ID_AFVOVXW3,15:28.3,1,1,4
GeneralDiscussion,1,,ID_9YK9LW,ID_IPA2IMUO,48:44.6,1,1,10
GeneralDiscussion,1,,ID_BNER6Q,ID_IPA2IMUO,45:23.1,1,1,10
GeneralDiscussion,0,1,ID_AP5PK1,ID_BAPI670K,26:15.5,1,1,8
ID_20XL,0,,ID_RVRAGS,ID_PWDGZL89,28:39.1,1,1,14
ID_20XL,0,3,ID_5EFKFF,ID_PWDGZL89,10:07.1,1,1,11
GeneralDiscussion,1,,ID_7Z8ECQ,ID_F78UNK7U,08:47.3,1,1,4
ID_9BU8,0,3,ID_EEODEA,ID_7AYDNLJE,20:09.1,1,1,9
GeneralDiscussion,1,,ID_ZZUILN,ID_7AYDNLJE,23:09.5,1,1,9
ID_528W,0,3,ID_PI8XG2,ID_BQ8BPAQB,58:36.3,1,1,4
GeneralDiscussion,1,,ID_EA1O63,ID_LLV1IGXO,01:48.3,1,1,21
GeneralDiscussion,1,,ID_QKWF0K,ID_L3OG3GUH,25:29.7,1,1,6
ID_UU4Y,0,1,ID_MZC11A,ID_OSRWTQ0L,25:01.6,1,1,25
GeneralDiscussion,1,,ID_2DFVPP,ID_J3O11FBH,03:29.7,1,1,24
GeneralDiscussion,0,,ID_4AUDMJ,ID_J3O11FBH,05:49.8,1,1,24
GeneralDiscussion,1,,ID_B92FLK,ID_R09HV957,22:29.4,1,1,4
GeneralDiscussion,1,,ID_TIZYBM,ID_CE0VYS5E,23:06.8,1,1,14
GeneralDiscussion,1,,ID_0G4M0Z,ID_BWDAPEER,03:28.2,1,1,4
GeneralDiscussion,1,,ID_31HAFP,ID_BWDAPEER,04:49.0,1,1,4
GeneralDiscussion,1,,ID_XFR0NE,ID_BWDAPEER,22:13.8,1,1,4
GeneralDiscussion,1,,ID_UHWGIV,ID_BWDAPEER,39:09.2,1,1,5
GeneralDiscussion,1,,ID_UQN2DX,ID_U1IJB9D9,05:21.7,1,1,28
GeneralDiscussion,1,,ID_G9QXU8,ID_G1IPPV4H,30:32.8,1,1,5
GeneralDiscussion,1,,ID_2KE52R,ID_BVRPNWXY,26:15.4,1,1,3
GeneralDiscussion,1,,ID_P88ZU9,ID_3WKBGVOY,28:52.3,1,1,3
GeneralDiscussion,1,,ID_P5BRCM,ID_6E61YCH6,37:09.7,1,1,12
ID_20XL,0,3,ID_P7ARN2,ID_YWWREGGZ,58:15.0,1,1,10
GeneralDiscussion,1,,ID_98TJLQ,ID_XVDCDH50,30:15.7,1,1,15
GeneralDiscussion,1,,ID_5BM2LU,ID_RPGHKEPG,32:17.1,1,1,3
GeneralDiscussion,1,,ID_O4LQBF,ID_JIQSW7NL,48:54.0,1,1,29
GeneralDiscussion,1,,ID_OGOLH1,ID_JIQSW7NL,50:22.5,1,1,29
GeneralDiscussion,1,,ID_XERVDQ,ID_5NV3P634,34:35.2,1,1,7
GeneralDiscussion,1,,ID_BC44BO,ID_CGNUWDXA,53:35.1,1,1,1
GeneralDiscussion,1,,ID_8P37CR,ID_TBQYNFS9,05:17.2,1,1,3
ID_528W,0,,ID_TE4IK6,ID_9GWEFV7K,10:16.3,1,1,1
GeneralDiscussion,1,,ID_YGLONZ,ID_9GWEFV7K,05:48.7,1,1,6
GeneralDiscussion,1,,ID_W5FX62,ID_BANW8DIX,20:28.1,1,1,5
ID_528W,0,,ID_31LJM2,ID_4Q46E9FH,20:49.4,1,1,30
GeneralDiscussion,1,,ID_HWR039,ID_K5CNBB1X,04:05.0,1,1,8
GeneralDiscussion,1,,ID_K9B24M,ID_K5CNBB1X,04:34.2,1,1,8
GeneralDiscussion,1,,ID_HS49LH,ID_17XQLINZ,02:25.1,1,1,29
GeneralDiscussion,1,,ID_CBQF3O,ID_RASS1U68,43:54.4,1,1,21
GeneralDiscussion,1,,ID_KHC668,ID_QFMGQQHD,52:05.2,1,1,5
GeneralDiscussion,1,,ID_US22EV,ID_TKS7NQ48,12:04.2,1,1,5
ID_528W,0,1,ID_WXIWC8,ID_TKS7NQ48,42:16.7,1,1,21
GeneralDiscussion,1,,ID_ON12Z9,ID_LNXTXN3P,32:55.4,1,1,5
GeneralDiscussion,1,,ID_Z8AIT7,ID_TQM9E72F,20:14.3,1,1,1
ID_20XL,0,,ID_68KN1G,ID_TQM9E72F,39:49.8,1,1,17
ID_PDKH,0,,ID_38BPZR,ID_NOY58Z0R,11:09.6,1,1,8
GeneralDiscussion,1,,ID_0AR4R8,ID_ABGPWHZ9,27:42.9,1,1,8
GeneralDiscussion,1,,ID_0MDB4L,ID_FMFOQFCQ,20:32.5,1,1,7
GeneralDiscussion,1,,ID_PN7JH0,ID_137U29HW,25:01.4,1,1,1
GeneralDiscussion,1,,ID_36H9BP,ID_KF4PI76O,00:57.3,1,1,24
GeneralDiscussion,1,,ID_70BM63,ID_KF4PI76O,59:04.1,1,1,24
GeneralDiscussion,1,,ID_VKQCEJ,ID_KF4PI76O,32:42.3,1,1,7
GeneralDiscussion,1,,ID_RB6G64,ID_KF4PI76O,29:30.9,1,1,7
GeneralDiscussion,1,,ID_NSD7NV,ID_MKS48U4O,07:48.3,1,1,22
GeneralDiscussion,1,,ID_TJ26QS,ID_LFO60KNB,48:07.8,1,1,5
GeneralDiscussion,0,4,ID_9F1APQ,ID_LFO60KNB,40:52.2,1,1,5
GeneralDiscussion,1,,ID_8P36CZ,ID_6LC7MRM9,53:43.6,1,1,21
GeneralDiscussion,1,,ID_ISUF69,ID_FDVUE2OM,13:17.5,1,1,12
GeneralDiscussion,1,,ID_MUBD91,ID_PM0BNJ82,39:39.4,1,1,5
ID_GR92,0,,ID_3B3716,ID_2PM1IV9P,48:34.8,1,1,5
GeneralDiscussion,0,,ID_69VL3M,ID_BCI1855Z,58:57.3,1,1,2
GeneralDiscussion,1,,ID_3846J0,ID_VYNC1S1L,20:07.4,1,1,29
GeneralDiscussion,1,,ID_51KU47,ID_VYNC1S1L,34:14.9,1,1,29
GeneralDiscussion,1,,ID_X0UIZY,ID_VYNC1S1L,22:52.0,1,1,29
ID_F7QD,1,,ID_E46V0Z,ID_IKVGACV0,11:02.1,1,1,10
ID_OXOJ,1,,ID_RMQMJA,ID_M3TDKR7E,05:27.1,1,1,23
GeneralDiscussion,1,,ID_N83T45,ID_503OEVRE,05:10.6,1,1,25
ID_OXOJ,0,,ID_8KT8ED,ID_NU8IECF7,13:53.5,1,1,23
GeneralDiscussion,1,,ID_C5RCYI,ID_QXX2M5VT,15:55.7,1,1,2
GeneralDiscussion,1,,ID_QJDZI8,ID_Y2FFNYBN,59:13.0,1,1,2
GeneralDiscussion,1,,ID_Y80INQ,ID_VQMBZ2VH,00:22.6,1,1,13
ID_GR92,1,,ID_P94PHO,ID_YNITF2TQ,23:40.4,1,1,25
GeneralDiscussion,0,,ID_N1M40F,ID_BVX8WLGR,22:47.6,1,1,13
GeneralDiscussion,1,,ID_V9L9FW,ID_ZHZUARMZ,01:55.9,1,1,2
GeneralDiscussion,1,,ID_Z6LW85,ID_ZHZUARMZ,58:34.9,1,1,2
GeneralDiscussion,1,,ID_D7S1M2,ID_P4SR71JD,35:52.3,1,1,12
ID_528W,0,,ID_NB4S36,ID_P4SR71JD,03:21.1,1,1,12
GeneralDiscussion,1,,ID_VX9JZ0,ID_WLFH3INW,01:48.0,1,1,30
GeneralDiscussion,1,,ID_RGS6XS,ID_DNVP8XDA,26:24.4,1,1,7
GeneralDiscussion,1,,ID_3SKDDY,ID_W2DH3TST,33:41.4,1,1,23
ID_F7QD,0,,ID_AKFY1O,ID_0WLWOMU2,18:13.1,1,1,2
GeneralDiscussion,1,,ID_5ZF2PE,ID_PPVLFDL9,46:40.2,1,1,2
GeneralDiscussion,1,,ID_YGWXUW,ID_SMAN9LGF,34:47.3,1,1,28
GeneralDiscussion,1,,ID_SLYA0P,ID_1MJE11CY,39:43.4,1,1,29
ID_OXOJ,1,,ID_4R4V7V,ID_HU9U2Q36,50:38.5,1,1,23
GeneralDiscussion,1,,ID_SCAMAY,ID_R00AHTOY,22:53.2,1,1,23
GeneralDiscussion,1,,ID_3O6J83,ID_SEV7OJW9,58:33.2,1,1,14
GeneralDiscussion,1,,ID_HN2LNH,ID_0DB41K6U,43:47.3,1,1,2
GeneralDiscussion,1,,ID_IKT1E1,ID_PUPTZOTA,42:13.3,1,1,2
GeneralDiscussion,1,,ID_BESW09,ID_ZLK4SRPS,13:04.4,1,1,9
GeneralDiscussion,1,,ID_EGM4K9,ID_M2BHFS98,40:26.7,1,1,2
ID_GR92,0,,ID_BIZU45,ID_69ERQ6DX,03:25.2,1,1,2
GeneralDiscussion,1,,ID_H7X0LX,ID_E4LZLFAX,58:00.8,1,1,23
GeneralDiscussion,1,,ID_P8CZL8,ID_E4LZLFAX,20:21.9,1,1,22
ID_G5IQ,0,1,ID_UQJ7N1,ID_E4LZLFAX,27:32.5,1,1,21
ID_528W,0,,ID_FH3734,ID_5UHEPVJB,24:12.2,1,1,2
ID_6E1C,1,,ID_AJORM6,ID_G0CFJH9Z,42:29.1,1,1,23
GeneralDiscussion,1,,ID_ZZALWW,ID_A8IJ0GHR,02:05.8,1,1,30
GeneralDiscussion,1,,ID_86GRHU,ID_1QNF6EO0,04:32.3,1,1,21
ID_528W,0,1,ID_06XNM5,ID_D3UVPXOX,28:55.6,1,1,1
GeneralDiscussion,1,,ID_RNGQPH,ID_QZ0QFG81,47:31.5,1,1,6
ID_528W,0,1,ID_U4HP47,ID_6QUAHNA4,23:47.6,1,1,13
GeneralDiscussion,0,4,ID_XT8YX8,ID_RN7H51GS,05:05.9,1,1,13
ID_OXOJ,1,,ID_1E8IIZ,ID_7WGVCDZH,44:26.6,1,1,23
ID_PH4T,0,,ID_UDJL3S,ID_CDNG5WAA,44:35.2,1,1,2
GeneralDiscussion,1,,ID_8NFRMO,ID_CDNG5WAA,45:14.6,1,1,2
GeneralDiscussion,0,,ID_HW9JRL,ID_CDNG5WAA,49:33.9,1,1,2
GeneralDiscussion,1,,ID_Y66SV4,ID_T7Y6FDLX,58:05.2,1,1,15
GeneralDiscussion,1,,ID_XDAU4Z,ID_771U7OGS,13:23.7,1,1,13
GeneralDiscussion,1,,ID_GJNYJM,ID_BGWVDTBN,18:46.3,1,1,16
GeneralDiscussion,1,,ID_5HT4WO,ID_BGWVDTBN,34:35.8,1,1,16
ID_F7QD,0,,ID_C92A7T,ID_3NOXMGBU,42:44.0,1,1,26
GeneralDiscussion,1,,ID_2968LL,ID_3NOXMGBU,09:13.8,1,1,26
ID_20XL,1,,ID_IWHUZL,ID_3NOXMGBU,14:58.6,1,1,26
GeneralDiscussion,1,,ID_PACONQ,ID_HTM1HWJV,52:09.7,1,1,6
GeneralDiscussion,1,,ID_W78H5S,ID_LU4SPDWX,16:06.9,1,1,26
GeneralDiscussion,1,,ID_M6Q2WC,ID_T7ZMJ5MP,58:42.2,1,1,15
GeneralDiscussion,1,,ID_LRZGWW,ID_8K1DIPZF,43:05.0,1,1,6
ID_528W,0,,ID_ZMWXX2,ID_O02MUKTG,49:22.3,1,1,9
GeneralDiscussion,1,,ID_F6EX05,ID_O02MUKTG,55:41.1,1,1,9
GeneralDiscussion,1,,ID_GUP7H5,ID_GEZ0P6W5,22:20.0,1,1,15
GeneralDiscussion,1,,ID_6D1064,ID_L1H7E53B,02:40.5,1,1,13
GeneralDiscussion,1,,ID_BV3T9Z,ID_8ZTC5Y7X,13:55.9,1,1,3
GeneralDiscussion,1,,ID_IY9GYJ,ID_JG0Y0Q7Z,30:57.7,1,1,6
GeneralDiscussion,1,,ID_IQKY7N,ID_O2G0V23S,06:23.8,1,1,11
GeneralDiscussion,1,,ID_QCPKC8,ID_MZWHSUHF,56:34.7,1,1,29
ID_528W,0,1,ID_1P5628,ID_EC5ISJWI,08:37.2,1,1,27
GeneralDiscussion,0,5,ID_MNL3DD,ID_8TR2N13Q,03:58.5,1,1,10
ID_GR92,0,3,ID_XCC6W4,ID_58RN57JT,40:14.0,1,1,5
GeneralDiscussion,1,,ID_ME45XX,ID_U90KK6KL,50:33.9,1,2,9
ID_45W9,1,,ID_2BG9IX,ID_U90KK6KL,57:55.2,1,2,10
ID_I9BN,0,,ID_I1N4XA,ID_QXI37KW6,20:26.6,1,2,29
GeneralDiscussion,1,,ID_84L6U3,ID_CEDNKSVV,40:35.1,1,2,9
ID_56O8,0,3,ID_9OM3J1,ID_CEDNKSVV,08:28.1,1,2,13
ID_56O8,1,,ID_1LSLW7,ID_CEDNKSVV,06:12.2,1,2,18
GeneralDiscussion,1,,ID_M89JSB,ID_CEDNKSVV,38:44.1,1,2,8
GeneralDiscussion,1,,ID_76RQ0S,ID_CEDNKSVV,33:59.5,1,2,16
GeneralDiscussion,1,,ID_3Z6AZI,ID_CEDNKSVV,20:33.6,1,2,9
GeneralDiscussion,1,,ID_1ZE594,ID_CEDNKSVV,23:11.9,1,2,9
GeneralDiscussion,1,,ID_LLPKVB,ID_CEDNKSVV,24:44.3,1,2,9
GeneralDiscussion,1,,ID_GSTC7F,ID_CEDNKSVV,43:26.2,1,2,9
GeneralDiscussion,1,,ID_9C1E1T,ID_CEDNKSVV,29:16.4,1,2,9
ID_56O8,0,1,ID_AXOSKY,ID_CEDNKSVV,16:40.3,1,2,17
GeneralDiscussion,1,,ID_WUMIYN,ID_CEDNKSVV,15:01.9,1,2,31
ID_I9BN,1,,ID_4VK22L,ID_QMANSX9S,56:23.8,1,2,21
GeneralDiscussion,1,,ID_PGDNKC,ID_HV77C51U,49:39.0,1,2,31
GeneralDiscussion,1,,ID_CXH4NK,ID_TYBEWVMK,29:35.8,1,2,29
GeneralDiscussion,1,,ID_6UQNIP,ID_FU9487VT,55:37.2,1,2,20
GeneralDiscussion,1,,ID_EY2BJG,ID_FU9487VT,46:02.8,1,2,20
ID_528W,0,,ID_K9ACNT,ID_JNZQMMX0,30:54.8,1,2,5
ID_GAV9,1,,ID_6T2L31,ID_PK7CD9XY,31:53.1,1,2,25
GeneralDiscussion,1,,ID_Z30DSQ,ID_DBBCEV5Y,14:41.0,1,2,8
ID_I9BN,0,,ID_V8EYV6,ID_DBBCEV5Y,22:33.1,1,2,7
ID_45W9,0,,ID_1EP04B,ID_2NNESLKY,23:04.9,1,2,8
GeneralDiscussion,1,,ID_W3JJX5,ID_GYXBSL1P,09:08.7,1,2,29
ID_GAV9,0,5,ID_6C425R,ID_GYXBSL1P,01:41.2,1,2,29
GeneralDiscussion,1,,ID_9R3LOV,ID_ZELO1E3N,59:40.3,1,2,2
GeneralDiscussion,1,,ID_HEACUG,ID_G23UREIF,55:38.3,1,2,17
ID_JRC2,1,,ID_VUWACS,ID_G23UREIF,34:01.0,1,2,22
ID_J883,1,,ID_ARJKTD,ID_G23UREIF,03:02.2,1,2,30
ID_JRC2,0,3,ID_TG515R,ID_XFNWMR7F,49:54.9,1,2,12
GeneralDiscussion,1,,ID_RRG2ZW,ID_EL3PZK3L,35:58.4,1,2,22
GeneralDiscussion,1,,ID_SG2982,ID_IZKM51CR,32:48.7,1,2,8
GeneralDiscussion,1,,ID_9UTJGF,ID_A2E3YUMT,45:31.1,1,2,24
ID_JRC2,1,,ID_W4JRYV,ID_A2E3YUMT,25:46.3,1,2,25
GeneralDiscussion,1,,ID_YYE9HT,ID_1U71QOB5,13:05.8,1,2,30
GeneralDiscussion,1,,ID_1AG4J0,ID_2C47291G,19:02.3,1,2,30
ID_I9BN,0,3,ID_P39SLI,ID_OF9XQTH5,18:44.7,1,2,24
GeneralDiscussion,1,,ID_NPW5S1,ID_OF9XQTH5,27:44.5,1,2,7
GeneralDiscussion,1,,ID_XQJDXY,ID_OF9XQTH5,39:14.5,1,2,10
GeneralDiscussion,1,,ID_K6BSAY,ID_PZ45LTO0,09:18.0,1,2,18
GeneralDiscussion,1,,ID_AK9OGJ,ID_QLZ29ASJ,56:56.7,1,2,4
GeneralDiscussion,1,,ID_U1OHOL,ID_V2GS7TDW,57:41.7,1,2,27
GeneralDiscussion,1,,ID_T5LABY,ID_SIOFYC8D,20:15.1,1,2,27
GeneralDiscussion,1,,ID_VB15P9,ID_PROILWVY,35:46.1,1,2,4
GeneralDiscussion,1,,ID_QXNGA7,ID_PROILWVY,32:37.3,1,2,4
GeneralDiscussion,1,,ID_BSF539,ID_577E83AB,12:52.2,1,2,27
ID_45W9,0,5,ID_II3Q1V,ID_BX0P4P60,14:36.3,1,2,8
GeneralDiscussion,1,,ID_CF91KE,ID_GAPM2OTK,10:17.9,1,2,21
GeneralDiscussion,1,,ID_CBFTEI,ID_IAK3FLIY,24:30.9,1,2,21
GeneralDiscussion,1,,ID_D7TQXK,ID_IAK3FLIY,16:23.3,1,2,21
GeneralDiscussion,1,,ID_I9YAQW,ID_RI3YI4QN,31:14.5,1,2,27
GeneralDiscussion,1,,ID_J8OJ8K,ID_IK3XCGLB,34:36.9,1,2,27
GeneralDiscussion,1,,ID_AVSYYZ,ID_VN7N4O5E,15:46.0,1,2,27
GeneralDiscussion,1,,ID_84PK2K,ID_XDOK0UKN,24:15.0,1,2,27
GeneralDiscussion,1,,ID_P60BSF,ID_03CFOV9J,46:00.7,1,2,31
GeneralDiscussion,1,,ID_MSPTM2,ID_03CFOV9J,50:57.8,1,2,30
GeneralDiscussion,1,,ID_TUN0K2,ID_B76RMF3F,44:15.6,1,2,29
GeneralDiscussion,1,,ID_F41DUA,ID_LNGIKNNN,18:26.7,1,2,29
ID_GAV9,0,5,ID_Z2WFUJ,ID_LNGIKNNN,21:59.1,1,2,26
GeneralDiscussion,1,,ID_ZO1BQL,ID_LNGIKNNN,10:02.0,1,2,29
GeneralDiscussion,1,,ID_YJBO99,ID_LNGIKNNN,13:20.0,1,2,29
ID_GAV9,0,5,ID_JXMORG,ID_LNGIKNNN,49:21.7,1,2,28
GeneralDiscussion,1,,ID_RPO7CK,ID_CD13540Y,59:39.4,1,2,25
ID_GAV9,1,,ID_LRXE1G,ID_ZKC7CUVR,25:55.9,1,2,26
GeneralDiscussion,1,,ID_TQBWUX,ID_ZKC7CUVR,17:00.9,1,2,25
GeneralDiscussion,1,,ID_YMZ0RV,ID_ZKC7CUVR,40:01.3,1,2,25
ID_GAV9,0,5,ID_EAUTFQ,ID_ZKC7CUVR,17:37.7,1,2,22
ID_GAV9,0,,ID_20IW0R,ID_RVHUZ9DP,24:21.0,1,2,31
GeneralDiscussion,0,5,ID_XNXA6U,ID_G6O34Y0C,21:41.5,1,2,19
GeneralDiscussion,1,,ID_5CK1VD,ID_95H5HL5F,17:14.4,1,2,13
GeneralDiscussion,1,,ID_R9SQVG,ID_H7PXEFAT,41:08.2,1,2,30
ID_GAV9,0,5,ID_FWTYCO,ID_H7PXEFAT,13:40.3,1,2,29
GeneralDiscussion,1,,ID_V61L0T,ID_IRDDWPB0,55:40.5,1,2,27
ID_JRC2,0,,ID_YBPMQ6,ID_2TZJGZBK,51:32.3,1,2,20
GeneralDiscussion,1,,ID_HMHEL1,ID_UWELNZ41,19:35.8,1,2,24
ID_I9BN,1,,ID_2K3AJY,ID_AUMM233M,22:49.9,1,2,22
ID_GAV9,0,1,ID_CBUQIV,ID_7HVE1YV7,47:54.2,1,2,30
GeneralDiscussion,1,,ID_7Y9EXH,ID_7W0QA900,33:18.7,1,2,30
GeneralDiscussion,1,,ID_E97ZF2,ID_Q20AW5IZ,17:28.6,1,2,14
GeneralDiscussion,1,,ID_EOCAHO,ID_PQG4U6Z9,05:50.3,1,2,12
ID_I9BN,0,,ID_KH5F2O,ID_S6SPDL0X,10:11.7,1,2,10
GeneralDiscussion,1,,ID_HV3NDY,ID_RSFCWTSQ,27:22.9,1,2,8
ID_GAV9,0,1,ID_6VU7N8,ID_5EKYEEGO,05:36.6,1,2,22
ID_GAV9,0,,ID_Q9WT9E,ID_5EKYEEGO,28:03.2,1,2,26
GeneralDiscussion,1,,ID_IW9T3U,ID_R9QMVA0T,52:29.9,1,2,8
GeneralDiscussion,1,,ID_CFVQ12,ID_ME2PQHBO,35:29.9,1,2,25
GeneralDiscussion,1,,ID_UTPB0L,ID_5AS1L1EJ,09:42.5,1,2,30
ID_56O8,0,,ID_1EG4RX,ID_4DS3ZDJ2,49:54.3,1,2,25
ID_GAV9,1,,ID_PG3740,ID_NBEX82AU,09:03.8,1,2,29
ID_7YDI,1,,ID_1FZY8W,ID_BEBFF4DG,50:59.2,1,2,15
GeneralDiscussion,1,,ID_V5T2LM,ID_JHN8E969,55:51.0,1,2,11
GeneralDiscussion,1,,ID_8POR2V,ID_IC6X6JS3,02:11.6,1,2,31
GeneralDiscussion,1,,ID_H6J5BG,ID_XDHRZOO5,10:18.9,1,2,29
ID_7YDI,1,,ID_BLNNZD,ID_PCUKW6YQ,56:56.6,1,2,15
GeneralDiscussion,0,,ID_FQGAWW,ID_U201XKVA,58:16.0,1,2,21
GeneralDiscussion,1,,ID_INCV3Q,ID_U201XKVA,21:28.9,1,2,20
ID_GAV9,0,,ID_QGI2K9,ID_U201XKVA,19:31.1,1,2,20
GeneralDiscussion,1,,ID_Z3ZSN4,ID_IPEGTG1X,36:23.7,1,2,29
ID_7YDI,1,,ID_ILVXU4,ID_P7K6NTCC,12:41.0,1,2,15
ID_7CF2,0,1,ID_TQO70E,ID_WJZ31GIS,41:47.0,1,2,23
ID_45W9,1,,ID_YPWJT1,ID_WJZ31GIS,48:22.4,1,2,9
GeneralDiscussion,1,,ID_6YIIWC,ID_5FNLWIOD,32:42.5,1,2,11
GeneralDiscussion,1,,ID_S4YVP8,ID_43KXFZRW,12:19.7,1,2,29
GeneralDiscussion,1,,ID_7UXLD7,ID_O3DONS0F,26:23.2,1,2,21
GeneralDiscussion,0,,ID_61582F,ID_O3DONS0F,11:34.7,1,2,21
GeneralDiscussion,1,,ID_RTEMZP,ID_P68EYVGD,19:17.6,1,2,25
GeneralDiscussion,1,,ID_ZOAQ3T,ID_P68EYVGD,39:23.2,1,2,28
GeneralDiscussion,1,,ID_4TMFCU,ID_P68EYVGD,17:38.6,1,2,25
GeneralDiscussion,1,,ID_943P3Y,ID_P68EYVGD,08:01.3,1,2,25
GeneralDiscussion,1,,ID_QWZ364,ID_P68EYVGD,15:41.5,1,2,25
GeneralDiscussion,1,,ID_BZVBOF,ID_P68EYVGD,30:23.9,1,2,25
ID_528W,0,2,ID_G0JSD2,ID_0SXRNUSA,56:21.1,1,2,3
GeneralDiscussion,1,,ID_WZNPRQ,ID_8NID9ABC,42:55.7,1,2,15
GeneralDiscussion,1,,ID_KWH4JO,ID_8NID9ABC,18:41.0,1,2,15
GeneralDiscussion,1,,ID_VKGLFA,ID_8NID9ABC,52:05.2,1,2,15
GeneralDiscussion,1,,ID_SGKXLH,ID_8NID9ABC,17:43.9,1,2,15
GeneralDiscussion,1,,ID_VR08XO,ID_V5EKHIAA,24:16.2,1,2,14
ID_7YDI,1,,ID_9XI8LA,ID_V5EKHIAA,15:09.4,1,2,15
GeneralDiscussion,1,,ID_QR596Z,ID_XU39Q62W,25:29.9,1,2,14
GeneralDiscussion,0,,ID_J9YPVQ,ID_XU39Q62W,28:11.0,1,2,14
ID_7YDI,1,,ID_EQUJ1Y,ID_3ZWIRBH6,11:49.8,1,2,15
GeneralDiscussion,1,,ID_G5PGEN,ID_PG64ZY18,54:34.3,1,2,13
ID_56O8,0,1,ID_LBF8N2,ID_PG64ZY18,23:29.0,1,2,12
GeneralDiscussion,1,,ID_8IPPFK,ID_NZ8VZ6AR,52:01.5,1,2,29
GeneralDiscussion,1,,ID_SF2NV7,ID_P6OF71R2,59:33.3,1,2,25
ID_7YDI,1,,ID_ZVFDOU,ID_LZGD1Q39,59:36.4,1,2,15
GeneralDiscussion,1,,ID_X4LLNM,ID_A1O1Y649,00:50.2,1,2,1
GeneralDiscussion,1,,ID_RONOQY,ID_ZFAEH8BC,07:33.2,1,2,1
GeneralDiscussion,1,,ID_0IC5EW,ID_NOPDIGFM,24:49.7,1,2,14
GeneralDiscussion,1,,ID_6AEJES,ID_NOPDIGFM,49:21.2,1,2,14
GeneralDiscussion,1,,ID_6R8FV7,ID_NOPDIGFM,10:15.8,1,2,15
GeneralDiscussion,1,,ID_XP9UXF,ID_NOPDIGFM,43:11.8,1,2,10
GeneralDiscussion,1,,ID_TBB94E,ID_NOPDIGFM,53:13.1,1,2,15
ID_I9BN,0,4,ID_M3B5CN,ID_E5X4ESHB,01:39.6,1,2,25
GeneralDiscussion,1,,ID_PBJBAB,ID_Y5D6LTDR,18:43.1,1,2,15
GeneralDiscussion,1,,ID_FTY698,ID_Y5D6LTDR,08:20.1,1,2,8
ID_GAV9,0,5,ID_THFE8Y,ID_AB46F76X,53:51.9,1,2,20
GeneralDiscussion,1,,ID_KOVCW9,ID_PNZ9T1TJ,39:13.6,1,2,24
GeneralDiscussion,1,,ID_ROTOJ4,ID_PNZ9T1TJ,36:44.8,1,2,24
ID_GAV9,1,,ID_JZQ4GO,ID_HHUDPL25,30:04.5,1,2,20
GeneralDiscussion,1,,ID_V7QELV,ID_EXKHR6UZ,36:12.7,1,2,7
GeneralDiscussion,1,,ID_5MS4A3,ID_YUTK1FMO,28:41.0,1,2,27
GeneralDiscussion,1,,ID_CUJ90I,ID_30PU8XE2,29:21.3,1,2,27
ID_GAV9,1,,ID_ZOPIV9,ID_5Z2P581W,08:13.9,1,2,25
GeneralDiscussion,1,,ID_PILTLF,ID_5Z2P581W,17:06.1,1,2,28
ID_7YDI,1,,ID_22LTZ1,ID_GTC77V39,10:53.1,1,2,15
ID_7YDI,1,,ID_YTMDME,ID_4HEOPJ31,17:02.0,1,2,15
GeneralDiscussion,1,,ID_JB2A2N,ID_4HEOPJ31,47:26.7,1,2,16
ID_GAV9,1,,ID_LTICTS,ID_78NWNKG2,47:14.4,1,2,24
GeneralDiscussion,1,,ID_PAU53Q,ID_D2JGO8U2,44:14.7,1,2,30
GeneralDiscussion,1,,ID_LXGMFX,ID_126035RZ,17:09.2,1,2,26
ID_7YDI,1,,ID_Z9NBM5,ID_IA98U3GD,27:10.4,1,2,15
ID_7YDI,1,,ID_4ELI3I,ID_HTG0WOCY,56:31.1,1,2,15
GeneralDiscussion,1,,ID_0LLYYE,ID_C24NKDU6,28:09.1,1,2,24
GeneralDiscussion,1,,ID_8YM0B4,ID_J4QUF9AX,58:04.6,1,2,26
GeneralDiscussion,1,,ID_NBQALU,ID_TPXCO3Y9,50:36.7,1,2,7
ID_7YDI,1,,ID_Z4QZLB,ID_EB0N5RGR,35:55.8,1,2,15
ID_GAV9,0,5,ID_77U0XJ,ID_8QY3IV8H,16:49.2,1,2,31
ID_GAV9,1,,ID_XTSHWB,ID_8QY3IV8H,58:35.8,1,2,31
GeneralDiscussion,1,,ID_W9N7ZC,ID_MDHC94UD,29:04.6,1,2,24
GeneralDiscussion,1,,ID_VYFDD1,ID_QBIW86KF,44:43.5,1,2,20
GeneralDiscussion,1,,ID_36V00B,ID_N9KRIRCG,05:47.5,1,2,20
GeneralDiscussion,1,,ID_KST3KB,ID_DK37IV1I,37:31.5,1,2,15
ID_GAV9,1,,ID_YHB0YI,ID_ZGBP9WQS,30:26.2,1,2,22
GeneralDiscussion,1,,ID_C9ZNYY,ID_ZGBP9WQS,02:06.9,1,2,29
ID_7YDI,1,,ID_ACJQOK,ID_M3USP4Y8,51:17.7,1,2,15
GeneralDiscussion,1,,ID_TSI1NB,ID_Y691G39Z,59:57.8,1,2,12
ID_JRC2,0,1,ID_78KT2J,ID_8MD62EZ0,56:49.9,1,2,20
GeneralDiscussion,1,,ID_MNSWJP,ID_1XN58O6V,18:08.0,1,2,22
GeneralDiscussion,0,1,ID_X0VKLM,ID_1XN58O6V,18:17.0,1,2,22
GeneralDiscussion,1,,ID_ID7O3P,ID_PP9U8J83,52:37.8,1,2,28
GeneralDiscussion,1,,ID_3JVWE6,ID_PP9U8J83,56:39.2,1,2,28
GeneralDiscussion,1,,ID_UDPH8M,ID_PP9U8J83,02:07.9,1,2,28
ID_JRC2,0,,ID_7PY0DB,ID_JFGIVDCZ,53:50.6,1,2,12
ID_8B8I,0,,ID_UUIKIT,ID_QT1PD3GA,15:38.6,1,2,12
GeneralDiscussion,0,,ID_FBLHCV,ID_PYL21OXO,59:07.4,1,2,31
GeneralDiscussion,1,,ID_9LUZAN,ID_RTEYTAE6,51:12.3,1,2,7
GeneralDiscussion,1,,ID_STX3WL,ID_V82IG4IB,11:27.3,1,2,30
GeneralDiscussion,1,,ID_3RPFOX,ID_YSF8QETW,20:14.7,1,2,26
GeneralDiscussion,1,,ID_C95A3T,ID_FM7GDYTE,14:28.5,1,2,12
GeneralDiscussion,1,,ID_HUV1LV,ID_FM7GDYTE,00:57.8,1,2,12
GeneralDiscussion,1,,ID_8V6729,ID_YOYAWD3J,41:49.0,1,2,18
GeneralDiscussion,1,,ID_A6N7HY,ID_FWOB9BIJ,22:45.4,1,2,26
ID_7YDI,1,,ID_363725,ID_VFFRN6BY,44:35.8,1,2,15
ID_GAV9,0,,ID_4H6XGL,ID_YXTPL8JI,21:11.1,1,2,24
GeneralDiscussion,1,,ID_8VZQC2,ID_LVOVODTZ,08:24.2,1,2,22
ID_7YDI,1,,ID_8ZUO9H,ID_537IXI0C,00:54.2,1,2,15
GeneralDiscussion,1,,ID_MEZMKJ,ID_M28BVICX,32:05.9,1,2,18
ID_PDKH,0,3,ID_IPHBND,ID_M28BVICX,30:46.4,1,2,18
GeneralDiscussion,1,,ID_Q45AVX,ID_DPKPRWMT,55:06.9,1,2,16
GeneralDiscussion,1,,ID_CJB8Y6,ID_XZXW2G0P,01:09.2,1,2,15
ID_GAV9,1,,ID_DDPFGW,ID_X4BPCH1N,57:38.9,1,2,27
ID_7YDI,1,,ID_J2C3JR,ID_594PWHSD,22:23.3,1,2,15
GeneralDiscussion,1,,ID_LA0P41,ID_M1YU7BNS,23:52.9,1,2,15
GeneralDiscussion,1,,ID_95C4YT,ID_9TBURXPF,04:31.0,1,2,26
GeneralDiscussion,1,,ID_FZT8D0,ID_N19HAVAK,05:31.5,1,2,26
ID_7YDI,1,,ID_NCIS94,ID_3B1BQ3IS,24:20.7,1,2,15
ID_7YDI,1,,ID_9UURZP,ID_SC3QR3R2,29:20.3,1,2,15
ID_7YDI,1,,ID_K0255U,ID_R3JR6F71,38:48.1,1,2,15
ID_FN7K,0,,ID_WTOYVD,ID_2AWSAZ21,06:21.9,1,2,9
ID_FN7K,1,,ID_XMGJFW,ID_2AWSAZ21,34:44.9,1,2,9
GeneralDiscussion,1,,ID_7DTOOC,ID_NQTO2NA7,33:42.2,1,2,9
ID_7YDI,1,,ID_FN6GF2,ID_INH8K2OO,01:47.1,1,2,15
ID_7YDI,1,,ID_0JVOHE,ID_8FUC54SS,35:39.4,1,2,15
GeneralDiscussion,1,,ID_XYDLGU,ID_MVWRQYKA,37:08.6,1,2,1
GeneralDiscussion,1,,ID_55XXVI,ID_MLCM1LT1,38:49.5,1,2,1
ID_FN7K,1,,ID_802M5J,ID_EWXTB4TQ,53:49.6,1,2,9
ID_FN7K,1,,ID_EGSMJE,ID_KXLRF0PR,01:58.8,1,2,9
ID_I9BN,1,,ID_ARSF1B,ID_7UDWMVDV,31:25.0,1,2,27
GeneralDiscussion,1,,ID_6EKAS4,ID_M35VP2XC,16:37.7,1,2,30
ID_I9BN,1,,ID_2MWZ3E,ID_JLAA97OM,28:41.7,1,2,12
GeneralDiscussion,1,,ID_JRZ372,ID_BRBEX11J,30:01.2,1,2,9
ID_FN7K,1,,ID_V9F09A,ID_UBE16QBZ,32:10.5,1,2,9
GeneralDiscussion,1,,ID_M3TTD1,ID_B8ZEW07X,27:57.7,1,2,19
ID_I9BN,0,,ID_5PWG0O,ID_B8ZEW07X,08:44.4,1,2,29
ID_FN7K,1,,ID_P4YYJ5,ID_4YNXBO0I,40:15.3,1,2,9
ID_7YDI,1,,ID_5ZBU1Q,ID_SG7DS4XS,35:22.2,1,2,15
ID_I9BN,0,3,ID_NTT1CJ,ID_SU5FDW2Z,10:09.4,1,2,31
ID_I9BN,0,1,ID_KWJRBL,ID_SU5FDW2Z,29:40.8,1,2,24
GeneralDiscussion,1,,ID_V6XKKB,ID_48UIIPDN,30:06.7,1,2,27
ID_FN7K,1,,ID_SBGP0V,ID_499X0LAY,47:30.4,1,2,9
GeneralDiscussion,1,,ID_Z975PD,ID_G1W054TV,47:53.4,1,2,9
ID_FN7K,1,,ID_BLU9C4,ID_VTFM2J4U,54:44.6,1,2,9
GeneralDiscussion,1,,ID_DYFYKF,ID_R7NCZL1L,06:12.6,1,2,19
GeneralDiscussion,1,,ID_MZLT9N,ID_H1CTSY8S,02:29.3,1,2,26
ID_FN7K,1,,ID_98SUC6,ID_WUZHLY9O,01:21.6,1,2,9
GeneralDiscussion,1,,ID_OCHC9N,ID_SAOPQ1HX,29:05.5,1,2,1
GeneralDiscussion,1,,ID_06YPD9,ID_9A1ZQJIG,06:50.1,1,2,19
ID_FN7K,1,,ID_71NVR5,ID_8Z2L91OG,33:03.1,1,2,9
ID_UB7R,0,1,ID_HCRCK4,ID_4NFD9IXG,14:05.5,1,2,22
GeneralDiscussion,1,,ID_TR6WNV,ID_4NFD9IXG,54:38.9,1,2,22
GeneralDiscussion,1,,ID_TLQJE0,ID_BB25XD9Y,44:59.6,1,2,17
ID_7YDI,1,,ID_ZVAXXI,ID_AH0YMJ2K,20:45.3,1,2,15
GeneralDiscussion,1,,ID_YQC34M,ID_HHQQKC12,23:44.1,1,2,3
GeneralDiscussion,1,,ID_NLDD0R,ID_EYY9CUXS,55:47.8,1,2,17
ID_8B8I,1,,ID_UCTQ97,ID_0XFEWTNR,59:03.7,1,2,4
GeneralDiscussion,1,,ID_5OM6OE,ID_BXCL59IN,15:19.0,1,2,31
ID_GAV9,1,,ID_RMCWW1,ID_E9A1K43Y,37:29.6,1,2,24
GeneralDiscussion,1,,ID_3XLDQL,ID_WDLBZJIZ,00:52.5,1,2,29
ID_45W9,1,,ID_1Y5UQM,ID_JS27BIC7,02:45.8,1,2,9
GeneralDiscussion,1,,ID_M3I8CD,ID_QNHVXQ9D,35:05.8,1,2,4
ID_GAV9,1,,ID_L74303,ID_MNU3L8IE,21:16.0,1,2,30
GeneralDiscussion,1,,ID_43ZB8N,ID_HB84Y5TJ,50:47.7,1,2,6
ID_45W9,1,,ID_AR68MA,ID_GYOJ29PW,03:40.3,1,2,9
GeneralDiscussion,1,,ID_LECJ7C,ID_QDLQ767T,11:03.7,1,2,28
ID_GAV9,1,,ID_5P3GWT,ID_E48AZJ4V,03:28.4,1,2,28
ID_Q2OB,1,,ID_T3QG0K,ID_EQOMWZHC,58:53.3,1,2,16
ID_45W9,1,,ID_3Z7IMY,ID_TVGIKWHF,46:48.9,1,2,9
GeneralDiscussion,1,,ID_O4SHIR,ID_7CGDN0KB,28:37.1,1,2,9
GeneralDiscussion,1,,ID_WD5TWD,ID_2SCU8A2J,27:21.6,1,2,6
GeneralDiscussion,1,,ID_1OZMX6,ID_8C7GXVJH,45:36.6,1,2,19
GeneralDiscussion,0,5,ID_1SML2M,ID_7UPM403G,42:15.7,1,2,12
GeneralDiscussion,1,,ID_UCQSUY,ID_CHJYVWIS,15:40.6,1,2,29
ID_GAV9,1,,ID_EUFBD3,ID_S68XX3KQ,46:00.9,1,2,26
ID_GAV9,0,1,ID_929T0T,ID_ATSJZ3IC,50:45.9,1,2,30
GeneralDiscussion,1,,ID_N3OMQN,ID_6E18RN78,21:21.9,1,2,30
ID_GAV9,1,,ID_6F6MPI,ID_06EVBQZD,14:06.6,1,2,29
ID_FN7K,1,,ID_FEEXUC,ID_II6TH4AW,00:52.4,1,2,9
GeneralDiscussion,1,,ID_UYDA18,ID_5X1WLEG6,21:59.9,1,2,2
GeneralDiscussion,1,,ID_SVNWGW,ID_5X1WLEG6,02:52.6,1,2,2
ID_Q2OB,0,1,ID_45ONY0,ID_HQX77HWM,58:32.0,1,2,17
ID_1CTF,1,,ID_JYX39Q,ID_3NIQX85A,06:33.4,1,2,4
ID_FN7K,1,,ID_B46VBR,ID_0BV5CMJ0,55:53.5,1,2,9
ID_FN7K,1,,ID_O4O35Q,ID_KPAOVBFH,49:25.5,1,2,9
ID_GAV9,1,,ID_QPJDSW,ID_0W7CRJ5S,53:41.2,1,2,31
ID_45W9,1,,ID_YT5Q9Q,ID_V9SGAOCY,16:55.2,1,2,9
GeneralDiscussion,0,2,ID_TFEWSI,ID_RAGMCFDB,28:40.6,1,2,19
GeneralDiscussion,1,,ID_L3HNDC,ID_DDN6SHPW,48:59.1,1,2,19
GeneralDiscussion,1,,ID_DTJZ7X,ID_POBH8V60,30:03.2,1,2,28
GeneralDiscussion,1,,ID_WQ81EV,ID_55QRFEJ2,33:32.4,1,2,30
GeneralDiscussion,1,,ID_9NDXH6,ID_CBT4EAQW,25:05.0,1,2,24
GeneralDiscussion,1,,ID_CPCA9B,ID_TR8MT852,49:21.8,1,2,23
GeneralDiscussion,1,,ID_TNB7J7,ID_EF5JPUZW,19:14.2,1,2,25
ID_GAV9,1,,ID_VNV3X5,ID_EQO5YNID,00:53.8,1,2,23
GeneralDiscussion,1,,ID_QYA6XX,ID_EQO5YNID,39:55.1,1,2,23
GeneralDiscussion,1,,ID_JA6EFH,ID_0D8ONCVV,26:15.2,1,2,6
ID_GAV9,1,,ID_VZRDWY,ID_QI7I9JBC,34:14.4,1,2,22
GeneralDiscussion,1,,ID_CU0XGS,ID_Q53XCFQV,49:08.3,1,2,11
GeneralDiscussion,1,,ID_JNS75T,ID_ECRC1HNG,14:42.2,1,2,25
GeneralDiscussion,1,,ID_HUIFRZ,ID_P0T8M0RX,41:22.3,1,2,10
GeneralDiscussion,1,,ID_TQ8LPM,ID_V4VOWERD,14:37.6,1,2,22
GeneralDiscussion,1,,ID_HHQM5J,ID_0CYJMN2V,57:44.6,1,2,9
GeneralDiscussion,1,,ID_XYEKY5,ID_T7XFGNZZ,59:48.4,1,2,5
ID_GAV9,1,,ID_LSX0MV,ID_OJQBCCT2,26:12.6,1,2,26
GeneralDiscussion,1,,ID_EK51KC,ID_YLQMWQZE,03:06.3,1,2,19
ID_I9BN,1,,ID_5H7GIJ,ID_3OG9WDJK,29:03.0,1,2,21
ID_Q2OB,1,,ID_5WVAGS,ID_E7SKL6R4,59:30.0,1,2,16
ID_56O8,1,,ID_7OA12Q,ID_FC40DLUX,04:26.6,1,2,13
GeneralDiscussion,1,,ID_XPAQZE,ID_BQA93CMC,02:41.2,1,2,13
GeneralDiscussion,1,,ID_K6A8EQ,ID_WZ6WNU2T,00:30.6,1,2,19
GeneralDiscussion,1,,ID_5CBF4I,ID_ACWRA29N,44:19.3,1,2,16
GeneralDiscussion,1,,ID_T4U40A,ID_Y52KXSFF,19:07.8,1,2,19
ID_JRC2,1,,ID_GZP263,ID_IXYN1DMW,51:33.6,1,2,23
ID_Q2OB,1,,ID_CVPXRG,ID_SODLN2MU,57:33.2,1,2,16
ID_I9BN,0,,ID_KDBR6B,ID_VHKMHN5V,56:47.5,1,2,17
GeneralDiscussion,1,,ID_SKANCF,ID_11I2NC6N,20:55.3,1,2,28
ID_KU2G,0,,ID_KL6NM6,ID_FNN5LCYB,38:07.3,1,2,20
GeneralDiscussion,0,,ID_IROZRP,ID_QJCY437J,51:21.4,1,2,23
GeneralDiscussion,1,,ID_VIW79O,ID_HSN60NEL,45:49.9,1,2,27
GeneralDiscussion,1,,ID_YSRAHQ,ID_GILLTAOL,36:25.3,1,2,28
GeneralDiscussion,0,3,ID_EHHRPD,ID_6YUZ885D,04:47.6,1,2,23
GeneralDiscussion,1,,ID_3UY13A,ID_6YUZ885D,57:05.0,1,2,23
GeneralDiscussion,1,,ID_V6MS4T,ID_G4MAQNLI,04:23.2,1,2,25
ID_JRC2,1,,ID_00JYOQ,ID_RBENP5LX,40:26.2,1,2,29
ID_GAV9,0,,ID_P3T9G1,ID_LHAZ2YNR,29:55.2,1,2,25
GeneralDiscussion,1,,ID_MHCZMI,ID_F2QCJJB3,15:27.8,1,2,29
GeneralDiscussion,1,,ID_PCJDL0,ID_1OESXBCU,01:55.1,1,2,27
GeneralDiscussion,1,,ID_LP56RI,ID_VGMM0EYL,33:34.6,1,2,28
GeneralDiscussion,1,,ID_W100U1,ID_8M2OSS4C,19:46.5,1,2,27
GeneralDiscussion,1,,ID_H5WYV9,ID_URT56CQ9,05:57.5,1,2,29
GeneralDiscussion,1,,ID_WTSLAN,ID_IYBPPYOB,37:42.3,1,2,29
GeneralDiscussion,1,,ID_B3RVDQ,ID_QXI37KW6,30:29.8,1,3,15
GeneralDiscussion,1,,ID_CIU523,ID_QXI37KW6,46:27.6,1,3,15
ID_KU2G,1,,ID_5DIDRK,ID_CEDNKSVV,55:02.3,1,3,29
GeneralDiscussion,1,,ID_4KH8OR,ID_CEDNKSVV,17:29.3,1,3,29
GeneralDiscussion,1,,ID_GB522P,ID_CEDNKSVV,33:38.3,1,3,1
GeneralDiscussion,1,5,ID_5FHD5D,ID_6FWILK4H,45:18.7,1,3,13
GeneralDiscussion,1,,ID_TXDFSX,ID_T7W2OC30,45:55.7,1,3,2
GeneralDiscussion,1,,ID_UTIAN9,ID_T7W2OC30,47:29.7,1,3,2
ID_5NAE,0,,ID_U97SPH,ID_XSRYED3X,39:08.8,1,3,29
GeneralDiscussion,1,,ID_WJO0TQ,ID_GYXBSL1P,42:09.5,1,3,1
ID_GAV9,1,,ID_JI8LSQ,ID_GYXBSL1P,12:03.1,1,3,1
ID_GAV9,1,,ID_0DQXQS,ID_YWRFZICE,04:03.6,1,3,1
GeneralDiscussion,1,,ID_FJDX75,ID_CMVSRHXW,51:47.5,1,3,5
GeneralDiscussion,0,,ID_6JQHDC,ID_CMVSRHXW,20:16.1,1,3,5
ID_61E9,0,,ID_YLYS9M,ID_9XP3I118,27:05.5,1,3,18
GeneralDiscussion,1,,ID_L7V958,ID_KCYBFH9S,21:01.4,1,3,18
GeneralDiscussion,1,,ID_EI1P9L,ID_BC2HP4VR,20:01.4,1,3,18
GeneralDiscussion,0,,ID_PFMJ78,ID_EL3PZK3L,28:46.5,1,3,1
GeneralDiscussion,1,,ID_01SMVG,ID_D5NWRCVT,43:59.1,1,3,29
GeneralDiscussion,1,,ID_RZ914Q,ID_HQQIME4Z,10:46.3,1,3,5
ID_GAV9,1,,ID_3CB3DF,ID_TS9IQQ4E,49:39.1,1,3,5
GeneralDiscussion,1,,ID_5AO6T6,ID_1U71QOB5,15:19.7,1,3,2
ID_GAV9,1,,ID_SVL07X,ID_FMFMJP22,20:14.3,1,3,5
ID_GAV9,1,,ID_0H7J9U,ID_B37R0MSO,45:40.2,1,3,5
ID_GAV9,0,1,ID_CJA2KP,ID_B37R0MSO,42:17.8,1,3,6
GeneralDiscussion,1,,ID_9VQ1RB,ID_B37R0MSO,30:59.5,1,3,7
ID_GAV9,1,,ID_BW1CQ1,ID_QK4XCRQL,42:32.5,1,3,5
ID_GAV9,0,1,ID_SH4587,ID_QK4XCRQL,04:42.8,1,3,5
GeneralDiscussion,1,,ID_QEY4ET,ID_1VVSQKN3,57:45.8,1,3,5
ID_JRC2,0,5,ID_FBR53Q,ID_IAK3FLIY,43:38.9,1,3,13
ID_F7QD,0,,ID_TCKE4B,ID_RI3YI4QN,10:10.2,1,3,20
GeneralDiscussion,1,,ID_REZI0Q,ID_CSORSACW,31:33.1,1,3,2
GeneralDiscussion,1,,ID_AEKE3C,ID_8ZVYXPUR,00:37.9,1,3,5
ID_GAV9,1,,ID_HMFEFV,ID_8ZVYXPUR,28:07.0,1,3,5
ID_GAV9,0,1,ID_MUW0UJ,ID_2IO5391U,02:37.2,1,3,16
GeneralDiscussion,1,,ID_NPYJMG,ID_03CFOV9J,26:42.3,1,3,1
GeneralDiscussion,1,,ID_WOT4ER,ID_03CFOV9J,27:55.7,1,3,2
ID_GAV9,1,,ID_S36B2L,ID_03CFOV9J,35:51.0,1,3,2
GeneralDiscussion,1,,ID_2F2K5U,ID_03CFOV9J,28:30.6,1,3,1
GeneralDiscussion,1,,ID_MTYLRO,ID_LNGIKNNN,20:54.3,1,3,2
ID_GAV9,0,5,ID_T0GRKL,ID_LNGIKNNN,09:47.8,1,3,1
ID_GAV9,1,,ID_SD6JSU,ID_LNGIKNNN,08:48.4,1,3,5
ID_GAV9,0,5,ID_WAY87W,ID_LNGIKNNN,20:58.1,1,3,3
ID_GAV9,0,1,ID_IS8ELG,ID_LNGIKNNN,49:06.9,1,3,5
ID_GAV9,1,,ID_YT1NPU,ID_POM5I0WV,48:59.1,1,3,5
GeneralDiscussion,1,,ID_89GUTJ,ID_880HK3AO,23:40.3,1,3,18
ID_GAV9,0,,ID_IAT0VX,ID_SUQ6QT9Y,20:37.9,1,3,5
GeneralDiscussion,1,,ID_XBI78A,ID_WEGQL44H,01:02.8,1,3,2
ID_GAV9,1,,ID_POA92T,ID_WEGQL44H,19:22.2,1,3,2
GeneralDiscussion,1,,ID_G4QRHG,ID_M0E0KKGG,20:43.9,1,3,2
GeneralDiscussion,1,,ID_3XMKZZ,ID_F1GFAGNL,49:26.0,1,3,14
GeneralDiscussion,1,,ID_EQB6M6,ID_1S55CB47,40:28.7,1,3,18
ID_F7QD,0,1,ID_T2Y5KB,ID_HQFIHM1J,29:28.6,1,3,12
GeneralDiscussion,1,,ID_8MY4QV,ID_HQFIHM1J,27:08.1,1,3,15
GeneralDiscussion,1,,ID_K4CBCM,ID_HQFIHM1J,43:26.4,1,3,20
ID_F7QD,0,,ID_V3M7ZO,ID_HQFIHM1J,45:25.6,1,3,12
GeneralDiscussion,1,,ID_3VLMY6,ID_HQFIHM1J,50:44.2,1,3,27
GeneralDiscussion,1,,ID_84NZQH,ID_HQFIHM1J,16:32.6,1,3,20
ID_F7QD,0,1,ID_DQ923V,ID_HQFIHM1J,33:31.8,1,3,12
GeneralDiscussion,1,,ID_WV79U0,ID_R0K9HCU5,46:09.8,1,3,1
GeneralDiscussion,1,,ID_UXWPDP,ID_2DFS33X0,48:06.1,1,3,6
ID_GAV9,1,,ID_MT7HOF,ID_6XOAX8C0,00:56.5,1,3,5
GeneralDiscussion,1,,ID_TLVS7C,ID_P8PRJQDU,26:44.4,1,3,18
ID_20XL,1,,ID_VO5G92,ID_RVY1NF6U,33:35.7,1,3,23
ID_KU2G,1,,ID_BK1U4Y,ID_RVY1NF6U,33:46.3,1,3,23
GeneralDiscussion,1,,ID_I1XDO6,ID_VCZA1BWS,32:24.1,1,3,30
ID_GAV9,1,,ID_OM1IIS,ID_H7PXEFAT,51:35.4,1,3,2
GeneralDiscussion,1,,ID_U3VHCF,ID_RZF4AKGG,29:13.6,1,3,31
GeneralDiscussion,0,,ID_V1HD4X,ID_CNBSX785,15:06.7,1,3,27
ID_20XL,1,,ID_WI3FDZ,ID_CNBSX785,21:03.1,1,3,27
GeneralDiscussion,1,,ID_5417VD,ID_YUC7PJYV,31:32.3,1,3,2
GeneralDiscussion,1,,ID_K3KSDE,ID_FXGDQSZW,38:41.1,1,3,27
GeneralDiscussion,1,,ID_MWWO4V,ID_VC62KOIX,42:00.5,1,3,27
GeneralDiscussion,1,,ID_GYIFLV,ID_PQG4U6Z9,34:10.1,1,3,22
GeneralDiscussion,1,,ID_G27JU6,ID_PQG4U6Z9,37:09.7,1,3,22
GeneralDiscussion,1,,ID_E3IBKR,ID_PQG4U6Z9,38:45.9,1,3,22
GeneralDiscussion,1,,ID_98D6WT,ID_1XM06XJI,15:10.2,1,3,2
ID_GAV9,1,,ID_OBLJ2V,ID_1XM06XJI,40:29.5,1,3,3
GeneralDiscussion,1,,ID_MDLK0U,ID_CA3H0W7V,39:22.7,1,3,6
ID_GAV9,0,5,ID_7T2FVD,ID_BLDFNDJI,10:22.5,1,3,2
ID_GAV9,0,5,ID_42V5DK,ID_BLDFNDJI,07:28.8,1,3,2
GeneralDiscussion,1,,ID_8N1MH6,ID_BLDFNDJI,27:10.9,1,3,2
ID_GAV9,1,,ID_6G7EW4,ID_B2V5IS2D,51:06.3,1,3,4
ID_I9BN,0,3,ID_QRB7F0,ID_GQ2I7AMG,01:08.8,1,3,15
ID_GAV9,1,,ID_N7NVQL,ID_RGQ5CMRT,36:54.2,1,3,4
GeneralDiscussion,1,,ID_AUECNM,ID_GNVAMSW8,34:29.1,1,3,9
GeneralDiscussion,1,,ID_4AUHHY,ID_ZVUOMC0S,09:12.9,1,3,4
ID_GAV9,1,,ID_S7DTW0,ID_ZVUOMC0S,35:55.6,1,3,4
GeneralDiscussion,1,,ID_NEB2JH,ID_IF3PQUIP,34:27.0,1,3,4
GeneralDiscussion,1,,ID_CDZK0M,ID_W9C72G00,36:30.3,1,3,16
ID_GAV9,1,,ID_E2ZZLG,ID_011YM9VH,22:36.2,1,3,2
GeneralDiscussion,1,,ID_56HUHN,ID_011YM9VH,41:56.1,1,3,2
GeneralDiscussion,1,,ID_HS0VKP,ID_SIYSHXTJ,37:02.3,1,3,29
GeneralDiscussion,1,,ID_LI8S2J,ID_1JOM93SV,49:37.8,1,3,30
GeneralDiscussion,0,,ID_CSDAUN,ID_2PWSZDX8,26:44.9,1,3,2
GeneralDiscussion,1,,ID_C4HAOZ,ID_ROZYLMJ1,23:14.3,1,3,8
ID_JRC2,0,,ID_ZAYSD1,ID_5PLV4HLM,40:35.4,1,3,16
ID_GAV9,0,1,ID_YCS19P,ID_KV3S14FS,36:40.0,1,3,2
ID_GAV9,1,,ID_YB13OA,ID_KV3S14FS,08:23.6,1,3,2
GeneralDiscussion,1,,ID_TIPZFO,ID_3DNKAWRQ,54:10.3,1,3,5
ID_GAV9,1,,ID_STVEIM,ID_1WVG7CNI,56:43.8,1,3,5
ID_JRC2,0,1,ID_D3G7IL,ID_9UT1EQ33,23:13.8,1,3,10
GeneralDiscussion,1,,ID_AFDPYQ,ID_HQD5QUTJ,37:34.6,1,3,4
ID_GAV9,1,,ID_O7KYVM,ID_3TJYUOYN,26:04.7,1,3,5
GeneralDiscussion,1,,ID_KBKRFH,ID_P68EYVGD,16:35.6,1,3,13
ID_JRC2,0,1,ID_EBFMSH,ID_0SXRNUSA,39:21.4,1,3,11
ID_JRC2,0,2,ID_FB4P96,ID_0SXRNUSA,24:40.6,1,3,12
GeneralDiscussion,1,,ID_6QK25Q,ID_XZYXGAN6,41:46.6,1,3,27
GeneralDiscussion,1,,ID_0V8W2D,ID_JW0XFUR6,31:22.8,1,3,4
ID_GAV9,1,,ID_EPNDNH,ID_Q056Y1TS,43:51.9,1,3,4
GeneralDiscussion,1,,ID_C4TKCG,ID_QBUI1AM5,08:30.0,1,3,6
ID_I9BN,0,5,ID_GJH1P2,ID_U7FKHHW1,54:14.4,1,3,4
GeneralDiscussion,1,,ID_4Z84I9,ID_U7FKHHW1,48:10.8,1,3,13
GeneralDiscussion,1,,ID_ZCMYUC,ID_NOPDIGFM,19:14.0,1,3,21
GeneralDiscussion,1,,ID_KXDTQL,ID_NOPDIGFM,19:33.2,1,3,22
GeneralDiscussion,1,,ID_E2RTK0,ID_NOPDIGFM,25:51.4,1,3,22
GeneralDiscussion,1,,ID_1M0RZ5,ID_NOPDIGFM,26:52.2,1,3,22
GeneralDiscussion,1,,ID_VJGI9V,ID_NOPDIGFM,27:25.8,1,3,22
GeneralDiscussion,1,,ID_NNFDWT,ID_NOPDIGFM,24:02.3,1,3,30
GeneralDiscussion,1,,ID_ZO2OY1,ID_NOPDIGFM,58:09.8,1,3,22
GeneralDiscussion,1,,ID_B7KJRJ,ID_NOPDIGFM,41:45.7,1,3,30
GeneralDiscussion,1,,ID_28REXA,ID_NOPDIGFM,07:24.4,1,3,21
GeneralDiscussion,1,,ID_GQ6LTJ,ID_LFJFIRYC,41:15.6,1,3,26
GeneralDiscussion,0,,ID_4H0H3F,ID_VL4ED6U8,02:36.8,1,3,2
ID_I9BN,0,,ID_0R0UH4,ID_Y5D6LTDR,55:12.8,1,3,1
ID_GAV9,1,,ID_2FEYPP,ID_HJ3G6QWA,22:49.2,1,3,8
ID_GAV9,0,,ID_GS4QSJ,ID_HJ3G6QWA,12:50.6,1,3,3
ID_GAV9,1,,ID_DVY1D7,ID_AB46F76X,34:21.4,1,3,2
GeneralDiscussion,1,,ID_6HZ2PB,ID_CUMDRBSU,55:46.1,1,3,2
ID_7CF2,1,,ID_9OEWDN,ID_CUMDRBSU,50:29.1,1,3,2
GeneralDiscussion,1,,ID_GTZZM7,ID_EETPTWKZ,08:17.0,1,3,4
GeneralDiscussion,1,,ID_M2W0J8,ID_KMJJG52H,16:07.0,1,3,1
GeneralDiscussion,1,,ID_UQR6X2,ID_35YWXUU8,56:25.3,1,3,6
GeneralDiscussion,1,,ID_7GGPSE,ID_35YWXUU8,43:06.2,1,3,7
GeneralDiscussion,1,,ID_21H7ZO,ID_93WPL748,15:23.1,1,3,2
GeneralDiscussion,1,,ID_X7PH7R,ID_7ZFCPMNW,23:36.7,1,3,6
GeneralDiscussion,1,,ID_GSQ3JG,ID_H0X3FN7M,48:50.8,1,3,6
GeneralDiscussion,1,,ID_XKSENA,ID_60DQOSH5,52:42.4,1,3,24
ID_GAV9,1,,ID_QVJSG9,ID_AKMSODUY,46:45.9,1,3,8
GeneralDiscussion,1,,ID_2KERDA,ID_P5AUPE7P,10:34.4,1,3,11
GeneralDiscussion,1,,ID_IFP1X9,ID_W525GEFU,51:33.8,1,3,22
GeneralDiscussion,1,,ID_C1S7CI,ID_LJIUUOM5,31:10.4,1,3,28
GeneralDiscussion,1,,ID_IK49F3,ID_SO1R7ALZ,48:54.4,1,3,4
ID_GAV9,1,,ID_J52UV3,ID_EQB42YPK,05:59.2,1,3,2
GeneralDiscussion,1,,ID_GCAA23,ID_628ZBQM3,58:28.0,1,3,4
ID_GAV9,1,,ID_1QCLG6,ID_628ZBQM3,56:53.9,1,3,7
GeneralDiscussion,1,,ID_PWTCXD,ID_PLO0RWG8,44:36.4,1,3,2
GeneralDiscussion,1,,ID_HYGIQL,ID_8Y2NDW7V,47:37.2,1,3,12
GeneralDiscussion,1,,ID_IYBG9M,ID_KYTVBNH6,09:04.1,1,3,4
ID_GAV9,1,,ID_PA1XOT,ID_KYTVBNH6,47:52.6,1,3,4
ID_GAV9,1,,ID_C2QH25,ID_1IBT7J6W,08:33.0,1,3,4
ID_GAV9,1,,ID_EGNLRG,ID_D2JGO8U2,09:48.7,1,3,4
GeneralDiscussion,1,,ID_9L3QLY,ID_UNZUJUQP,10:08.7,1,3,2
GeneralDiscussion,1,,ID_RDSJ9M,ID_TFJHRW7Q,10:33.0,1,3,22
ID_GAV9,1,,ID_TPIWHM,ID_IH609U5I,37:07.3,1,3,4
GeneralDiscussion,1,,ID_V6YH2R,ID_EZS9F1RQ,41:35.6,1,3,2
GeneralDiscussion,1,,ID_LKO30U,ID_C8J3CP5Z,48:36.1,1,3,4
GeneralDiscussion,1,,ID_LIMFSS,ID_2EIMSO3U,36:05.1,1,3,2
ID_GAV9,1,,ID_OX6VET,ID_KYF9P35V,51:07.4,1,3,4
GeneralDiscussion,1,,ID_GSA4YP,ID_5XF9NQVN,06:55.2,1,3,4
ID_GAV9,1,,ID_YQ7PAQ,ID_EK92QHCC,29:59.4,1,3,8
ID_GAV9,0,,ID_4QLEIA,ID_XSPA7ERH,17:45.2,1,3,4
ID_GAV9,0,5,ID_JET2BU,ID_XSPA7ERH,15:28.9,1,3,4
GeneralDiscussion,1,,ID_NDJXC9,ID_XSPA7ERH,16:09.9,1,3,5
ID_GAV9,1,,ID_PX2S4V,ID_XSPA7ERH,23:05.6,1,3,5
GeneralDiscussion,1,,ID_ZW1JZT,ID_RZN46M5X,40:57.7,1,3,16
GeneralDiscussion,1,,ID_VR5FVU,ID_XB2LQ1U7,23:33.7,1,3,3
GeneralDiscussion,1,,ID_LG0W3Q,ID_46NACEL2,19:10.8,1,3,4
GeneralDiscussion,1,,ID_5BUUTY,ID_46NACEL2,19:10.8,1,3,4
GeneralDiscussion,1,,ID_JXQ7TZ,ID_Y0HRP2XD,41:10.3,1,3,4
GeneralDiscussion,1,,ID_XL0HZ6,ID_TF1R4URN,28:40.3,1,3,4
GeneralDiscussion,1,,ID_2KHFWN,ID_SHMS1D2S,25:59.5,1,3,4
GeneralDiscussion,0,,ID_KJW6MS,ID_QA10DVFJ,48:05.9,1,3,29
GeneralDiscussion,1,,ID_M5CYLK,ID_5DY3L4IP,43:46.1,1,3,22
GeneralDiscussion,1,,ID_1Q2HX4,ID_JRCVF4HR,43:14.9,1,3,19
GeneralDiscussion,1,,ID_EPES0P,ID_8QY3IV8H,29:37.9,1,3,20
GeneralDiscussion,1,,ID_LCH8H0,ID_8QY3IV8H,26:46.6,1,3,20
GeneralDiscussion,1,,ID_2CTPKU,ID_7HY0LWJH,04:28.2,1,3,17
ID_JRC2,0,,ID_FMNFPZ,ID_7HY0LWJH,35:46.4,1,3,17
GeneralDiscussion,1,,ID_EHEIK7,ID_7HY0LWJH,40:09.6,1,3,17
GeneralDiscussion,1,,ID_HDJZH0,ID_TEA3KBF0,34:48.8,1,3,15
GeneralDiscussion,1,,ID_B9H471,ID_0BNCEHIQ,05:24.2,1,3,24
GeneralDiscussion,1,,ID_AJKCOX,ID_ZGBP9WQS,23:11.1,1,3,8
GeneralDiscussion,1,,ID_AS0DZ8,ID_CRUF2N9U,34:52.3,1,3,19
GeneralDiscussion,1,,ID_I2GXL1,ID_38NSDN2P,29:18.1,1,3,1
GeneralDiscussion,1,,ID_UTGCM4,ID_SYB2Q1WD,29:07.4,1,3,19
ID_GAV9,0,2,ID_5EM2OB,ID_5Q1JC85M,09:18.0,1,3,5
ID_GAV9,1,,ID_HN80MZ,ID_5Q1JC85M,15:27.2,1,3,4
ID_GAV9,0,,ID_U41MAO,ID_5Q1JC85M,12:47.0,1,3,5
ID_20XL,0,,ID_RQX7DO,ID_YGEGU370,55:27.2,1,3,18
GeneralDiscussion,0,,ID_QI4PK0,ID_WMUKEQ64,31:39.0,1,3,3
GeneralDiscussion,1,,ID_D86LPB,ID_WMUKEQ64,34:08.0,1,3,3
ID_61E9,0,,ID_4UTX5H,ID_L7IR9AKT,34:43.6,1,3,19
GeneralDiscussion,1,,ID_UITP4D,ID_7WZ9IW17,45:08.2,1,3,26
GeneralDiscussion,1,,ID_RFH8G4,ID_T7BX9JXG,35:39.0,1,3,3
GeneralDiscussion,1,,ID_MOAUN6,ID_ZIOQ53TD,42:00.6,1,3,3
ID_GAV9,1,,ID_N7R101,ID_C7HK7TNS,42:35.6,1,3,3
GeneralDiscussion,1,,ID_LYFH2J,ID_B1T2D36A,58:37.6,1,3,16
GeneralDiscussion,1,,ID_ZIP7UL,ID_TGHNIZBN,11:42.6,1,3,5
GeneralDiscussion,1,,ID_JY1HD1,ID_TGHNIZBN,07:29.3,1,3,5
GeneralDiscussion,1,,ID_XMGJG1,ID_8VGC1FK8,10:54.4,1,3,7
GeneralDiscussion,1,,ID_3445EK,ID_7AU6PE15,46:33.7,1,3,5
GeneralDiscussion,1,,ID_XA9MOT,ID_23VCU2LN,09:10.6,1,3,30
ID_20XL,1,,ID_AOPMVS,ID_J04SHQEY,00:38.4,1,3,19
ID_20XL,1,,ID_RO95CG,ID_D3II3YCV,52:08.8,1,3,22
ID_61E9,0,,ID_IXLJ8M,ID_KGG5869W,37:21.9,1,3,19
GeneralDiscussion,1,,ID_K6IN7L,ID_2OSTP3LG,14:23.6,1,3,27
GeneralDiscussion,1,,ID_P9V31D,ID_SGWSRWBB,38:16.8,1,3,3
GeneralDiscussion,1,,ID_2KX87O,ID_3O1OE4QJ,44:32.5,1,3,29
GeneralDiscussion,1,,ID_2YW06C,ID_J4UEY09Y,49:57.9,1,3,28
GeneralDiscussion,0,4,ID_F7DPB0,ID_SRY5TXDV,15:50.9,1,3,24
ID_F7QD,0,4,ID_8TO3O0,ID_SRY5TXDV,09:07.0,1,3,24
GeneralDiscussion,1,,ID_GJFSUK,ID_TF52CNXH,28:30.6,1,3,5
GeneralDiscussion,1,,ID_DG0ZDI,ID_1Y98GPVQ,55:54.7,1,3,3
GeneralDiscussion,1,,ID_1DNYT7,ID_SIOL2NDE,24:45.5,1,3,13
GeneralDiscussion,1,,ID_4ZP0EN,ID_OK7SI059,24:22.2,1,3,4
GeneralDiscussion,1,,ID_F62UXI,ID_MDXV1YXG,21:10.0,1,3,3
ID_GAV9,1,,ID_VELOOW,ID_TTFQ4BCS,29:36.6,1,3,3
ID_KU2G,1,,ID_CXZVSZ,ID_01BEG5HQ,38:43.1,1,3,22
GeneralDiscussion,1,,ID_2757BF,ID_XIJB674H,23:13.3,1,3,19
GeneralDiscussion,1,,ID_820JAZ,ID_4GSCTR62,42:35.6,1,3,28
GeneralDiscussion,1,,ID_4TC68J,ID_5Z4WSX1R,14:40.2,1,3,5
GeneralDiscussion,1,,ID_M5Y3W7,ID_5Z4WSX1R,15:43.5,1,3,5
ID_J883,0,1,ID_AEN1Q5,ID_XC73E0WV,51:30.6,1,3,9
GeneralDiscussion,1,,ID_DDK5VM,ID_TIENI5F7,59:09.3,1,3,3
ID_I9BN,1,,ID_NBCL9Y,ID_SU5FDW2Z,01:28.5,1,3,3
ID_GAV9,1,,ID_MPGJQU,ID_5JGKISV8,05:20.1,1,3,5
GeneralDiscussion,1,,ID_XBXW0F,ID_8155SBND,14:26.0,1,3,5
ID_GAV9,1,,ID_0PN49N,ID_0PB7DBGR,30:53.6,1,3,5
ID_GAV9,1,,ID_3B55VQ,ID_B0Q9ODWZ,34:42.6,1,3,3
ID_KU2G,0,,ID_L1JRNB,ID_L5SBIK3X,39:53.3,1,3,30
GeneralDiscussion,1,,ID_7MXLKW,ID_2NYZJX0U,34:14.3,1,3,28
GeneralDiscussion,1,,ID_MFX0PU,ID_U1UBDSU9,02:44.2,1,3,27
ID_GAV9,1,,ID_I9D6SD,ID_MHF76U9P,13:29.2,1,3,8
GeneralDiscussion,1,,ID_GRDOTO,ID_VSBYVFYA,14:14.8,1,3,8
GeneralDiscussion,1,,ID_DHAUZB,ID_27W95GIE,40:45.4,1,3,3
ID_GAV9,1,,ID_76AIKQ,ID_5GTQTGFT,53:03.5,1,3,3
GeneralDiscussion,1,,ID_D0M4H0,ID_IBOZAB3D,04:48.3,1,3,3
ID_GAV9,1,,ID_3K8QM9,ID_BEYC17S9,37:02.4,1,3,3
ID_GAV9,1,,ID_BNXBKT,ID_DVNPC7OR,30:35.7,1,3,3
GeneralDiscussion,1,,ID_EVEOTD,ID_GSTZU9J8,48:04.7,1,3,8
ID_GAV9,1,,ID_Q6ZT44,ID_KQTFY49J,11:24.4,1,3,3
GeneralDiscussion,1,,ID_CXT0I1,ID_KQTFY49J,52:02.4,1,3,15
GeneralDiscussion,1,,ID_WEYB2W,ID_KIWA7YTM,14:36.8,1,3,3
ID_GAV9,1,,ID_G9P88S,ID_DCJHWFH5,14:56.6,1,3,3
GeneralDiscussion,1,,ID_H3SITM,ID_DWYOUH4E,47:27.3,1,3,3
ID_GAV9,1,,ID_GK5F1S,ID_5NH8QRW9,21:54.6,1,3,5
ID_GAV9,1,,ID_8448P2,ID_ATSJZ3IC,57:39.0,1,3,3
GeneralDiscussion,1,,ID_2UEF7Q,ID_XXQ6F7R1,13:57.6,1,3,3
GeneralDiscussion,1,,ID_ZKOVI8,ID_ZE1B2JEO,21:35.0,1,3,5
GeneralDiscussion,1,,ID_5EDF3J,ID_9B06ZYZR,03:20.0,1,3,17
ID_GAV9,0,1,ID_1KAY1U,ID_0W7CRJ5S,10:33.2,1,3,3
GeneralDiscussion,1,,ID_O7JR6W,ID_RMJAZDSJ,02:27.3,1,3,5
ID_GAV9,0,,ID_E0ML1P,ID_RMJAZDSJ,28:11.4,1,3,5
ID_BXIL,0,,ID_N4DYLM,ID_9KVNABFG,24:20.9,1,3,5
GeneralDiscussion,1,,ID_WEZ3LM,ID_9KVNABFG,25:04.1,1,3,5
ID_JRC2,0,3,ID_Q4NXHK,ID_LWS4EC3P,38:27.8,1,3,7
ID_GAV9,1,,ID_UJPONZ,ID_G97UVZ8J,25:18.8,1,3,3
GeneralDiscussion,1,,ID_THNFN8,ID_YFBVZAW0,11:17.9,1,3,25
GeneralDiscussion,1,,ID_09E0PO,ID_V4H54JR5,55:24.0,1,3,11
ID_GAV9,1,,ID_IA025N,ID_J7VXT4TG,27:38.8,1,3,3
GeneralDiscussion,1,,ID_I90CZM,ID_8BGGVZ46,13:38.1,1,3,3
ID_I9BN,1,,ID_BSAF6P,ID_VHKMHN5V,54:33.3,1,3,5
ID_GAV9,1,,ID_S4HGBC,ID_GA3KC0Y3,32:32.6,1,3,5
GeneralDiscussion,1,,ID_YMHHPS,ID_5JPM6SIF,34:59.1,1,3,3
GeneralDiscussion,1,,ID_3XSVRT,ID_QW10DJGV,57:16.7,1,3,30
GeneralDiscussion,1,,ID_TL56C2,ID_QW10DJGV,47:32.8,1,3,31
GeneralDiscussion,1,,ID_2PEDKX,ID_299VFBB9,46:34.8,1,3,24
GeneralDiscussion,1,,ID_UWQ3WQ,ID_9V60E66L,12:43.0,1,3,31
GeneralDiscussion,0,,ID_8RUY9P,ID_W4DC91D6,12:16.4,1,3,5
GeneralDiscussion,1,,ID_BO5F5A,ID_W4DC91D6,21:11.0,1,3,5
GeneralDiscussion,0,,ID_8ACCO3,ID_BK4E9SJ2,34:18.8,1,3,15
GeneralDiscussion,1,,ID_W5CPES,ID_B6CJ1R1A,11:52.0,1,3,9
GeneralDiscussion,1,,ID_VQJ70U,ID_6HV41ZMG,25:06.4,1,3,9
GeneralDiscussion,1,,ID_9AUFZR,ID_EPAX9S0O,34:10.2,1,3,7
ID_20XL,0,1,ID_1U22G9,ID_9I1LZYZU,43:17.1,1,3,3
GeneralDiscussion,1,,ID_5S7IB4,ID_19UUP4I1,50:03.6,1,3,25
GeneralDiscussion,1,,ID_NKLWDS,ID_PPDBBHWU,50:44.2,1,3,25
GeneralDiscussion,0,,ID_5MRID8,ID_69TLRBOM,25:04.4,1,3,1
GeneralDiscussion,1,,ID_Q26DLK,ID_T9D9LCET,51:00.9,1,3,4
ID_GAV9,1,,ID_HW5FQW,ID_5FD3I6FB,20:17.4,1,3,7
GeneralDiscussion,0,,ID_AUZRWQ,ID_IAJFPOEI,57:01.3,1,3,10
GeneralDiscussion,1,,ID_LHHXKU,ID_4A1Z4H4F,45:15.0,1,3,4
GeneralDiscussion,1,,ID_F095XY,ID_MG8VOA80,26:49.3,1,3,5
GeneralDiscussion,1,,ID_1OW6OB,ID_RR50E1A5,56:16.0,1,3,25
GeneralDiscussion,1,,ID_7ESS2N,ID_KERNJR1V,29:42.4,1,3,5
GeneralDiscussion,1,,ID_WLCR40,ID_9N0XEQZ6,32:31.7,1,3,4
ID_20XL,0,,ID_2P0Y65,ID_80S556S2,59:30.9,1,3,14
ID_GAV9,1,,ID_E5F9GR,ID_K0R9SWLW,00:35.5,1,3,5
ID_GAV9,0,1,ID_A1HID6,ID_K0R9SWLW,32:32.4,1,3,6
GeneralDiscussion,1,,ID_KJEBPO,ID_UJQKIVAZ,46:35.3,1,3,15
ID_KU2G,1,,ID_63SQZL,ID_UJQKIVAZ,18:21.7,1,3,15
GeneralDiscussion,1,,ID_AW8QGN,ID_ISAJ9BDC,35:09.4,1,3,17
GeneralDiscussion,1,,ID_APD0DZ,ID_C4KYCD9V,44:20.7,1,3,13
GeneralDiscussion,1,,ID_ZD4Y93,ID_TBCMKJNS,07:14.6,1,3,23
GeneralDiscussion,1,,ID_XDS00K,ID_4S5LEDHZ,46:32.5,1,3,29
GeneralDiscussion,1,,ID_LTCWSO,ID_JXUT521N,23:30.2,1,3,23
GeneralDiscussion,1,,ID_H0NZIB,ID_EKFB430Z,55:39.5,1,3,14
ID_BXIL,1,,ID_F9KW1N,ID_O7G9LNWS,18:42.4,1,3,23
GeneralDiscussion,0,1,ID_ZOC5GY,ID_S4XIIL0Z,13:04.3,1,3,19
GeneralDiscussion,1,,ID_D8ZEBX,ID_8PYX9ZJH,57:40.3,1,4,3
GeneralDiscussion,1,,ID_GTBPYV,ID_FI30XPFH,02:26.7,1,4,6
GeneralDiscussion,1,,ID_QLANGU,ID_6FWILK4H,25:35.5,1,4,25
GeneralDiscussion,1,,ID_XCT714,ID_6FWILK4H,08:34.5,1,4,25
GeneralDiscussion,1,,ID_S0SSTB,ID_6FWILK4H,31:03.2,1,4,20
GeneralDiscussion,1,,ID_TXSZYK,ID_6FWILK4H,22:20.6,1,4,25
ID_0D02,0,1,ID_EBYJ2P,ID_6FWILK4H,26:36.2,1,4,25
GeneralDiscussion,1,,ID_X5W8F1,ID_6FWILK4H,25:40.3,1,4,20
GeneralDiscussion,1,,ID_SINLMP,ID_71N5GY8Z,03:55.0,1,4,23
GeneralDiscussion,1,,ID_HINXCM,ID_60OMC77A,24:38.3,1,4,23
ID_Y1UE,0,,ID_1XT1VZ,ID_60OMC77A,27:23.2,1,4,23
GeneralDiscussion,1,,ID_6G4DMN,ID_1ED1DG8J,25:27.6,1,4,23
GeneralDiscussion,1,,ID_0I53HG,ID_KD6IFTVY,30:44.3,1,4,23
GeneralDiscussion,1,,ID_OJ7HDX,ID_VF9G3ML6,57:21.9,1,4,1
GeneralDiscussion,1,,ID_IR4GH0,ID_Q6EP5QJT,53:10.2,1,4,26
GeneralDiscussion,1,,ID_ZLBDTR,ID_ATVRWZ4F,13:17.6,1,4,14
ID_BXIL,1,,ID_OOA27P,ID_ATVRWZ4F,12:43.0,1,4,14
ID_WZ0H,0,,ID_ULU6WI,ID_FIBZA3B3,20:18.9,1,4,26
GeneralDiscussion,1,,ID_CEH55V,ID_FIBZA3B3,42:08.2,1,4,22
ID_WZ0H,0,4,ID_PYDDJM,ID_FIBZA3B3,16:46.6,1,4,26
GeneralDiscussion,1,,ID_PECLDI,ID_8W3OJ9C1,08:39.7,1,4,28
GeneralDiscussion,1,,ID_EPDIDK,ID_8W3OJ9C1,11:42.3,1,4,28
GeneralDiscussion,1,,ID_PIG8N9,ID_8W3OJ9C1,27:37.9,1,4,15
ID_BXIL,1,,ID_68UTJ6,ID_R0K9HCU5,43:49.7,1,4,18
GeneralDiscussion,1,,ID_XAAXCT,ID_VM7LXJ20,12:39.8,1,4,13
ID_BXIL,1,,ID_OSN1VD,ID_HIP3BBQE,52:04.3,1,4,16
GeneralDiscussion,1,,ID_49NUI0,ID_NW3R9CMI,56:37.3,1,4,24
GeneralDiscussion,1,,ID_DD37LG,ID_NW3R9CMI,53:49.9,1,4,24
GeneralDiscussion,1,,ID_FPJBW6,ID_2OMCFIWQ,19:40.6,1,4,17
GeneralDiscussion,1,,ID_S9QRM6,ID_NSFBX73P,24:45.3,1,4,1
GeneralDiscussion,1,,ID_K1TWVI,ID_QO22WG95,03:23.4,1,4,26
GeneralDiscussion,1,,ID_YK8HLM,ID_Y40PCCG2,28:59.2,1,4,14
GeneralDiscussion,1,,ID_TFSC4K,ID_6PUTTSE0,21:00.2,1,4,24
GeneralDiscussion,1,,ID_4LFTM2,ID_0M2LXT1A,44:53.4,1,4,13
ID_WZ0H,1,,ID_6YZFAT,ID_0QPF6Q8V,27:52.6,1,4,12
GeneralDiscussion,1,,ID_WDV8Z9,ID_0QPF6Q8V,33:36.3,1,4,12
ID_XZ71,1,,ID_VU1PLH,ID_0QPF6Q8V,30:00.5,1,4,30
GeneralDiscussion,1,,ID_P5ZKI2,ID_I09B5SAE,25:58.5,1,4,5
GeneralDiscussion,1,,ID_OXMYG8,ID_XKACHNUY,49:20.3,1,4,17
GeneralDiscussion,1,,ID_ZB1YQC,ID_D85872UY,55:59.9,1,4,3
GeneralDiscussion,1,,ID_XOUTWU,ID_KO0G10SE,21:59.9,1,4,17
GeneralDiscussion,1,,ID_5GUBOY,ID_W9C72G00,10:00.1,1,4,2
GeneralDiscussion,1,,ID_5D1PPN,ID_AEVTL8NZ,21:40.9,1,4,28
GeneralDiscussion,0,4,ID_W45J3U,ID_34TKE5A6,24:08.8,1,4,26
ID_F7QD,0,5,ID_457SEL,ID_34TKE5A6,14:35.3,1,4,25
GeneralDiscussion,1,,ID_3RBJZ4,ID_34TKE5A6,21:38.2,1,4,25
GeneralDiscussion,1,,ID_TXDF7E,ID_C4YWC2KV,17:16.3,1,4,22
GeneralDiscussion,1,,ID_RBUJ8N,ID_C4YWC2KV,59:15.8,1,4,17
GeneralDiscussion,1,,ID_UET35E,ID_C4YWC2KV,53:59.6,1,4,17
GeneralDiscussion,1,,ID_I7X5EO,ID_C4YWC2KV,43:54.9,1,4,21
ID_F7QD,0,,ID_ZKFHYF,ID_94E1O094,00:11.6,1,4,16
ID_20XL,0,,ID_NS58ED,ID_XDH8IJ1N,19:18.9,1,4,5
GeneralDiscussion,1,,ID_B6VNVQ,ID_XS1XZRMC,11:24.3,1,4,16
GeneralDiscussion,1,,ID_OUGNXG,ID_NOPDIGFM,34:46.0,1,4,5
GeneralDiscussion,1,,ID_0UUO7Z,ID_99LRGQMS,35:57.8,1,4,5
GeneralDiscussion,1,,ID_Q2ZV1O,ID_BGZO0PTI,11:37.9,1,4,28
GeneralDiscussion,1,,ID_OH2JR9,ID_CWHGRTV5,00:33.2,1,4,21
ID_KU2G,1,,ID_ZSIWNN,ID_UUYR87IO,06:38.6,1,4,21
GeneralDiscussion,1,,ID_88JUJZ,ID_NNKGDGXG,32:25.2,1,4,26
ID_KU2G,0,1,ID_UIT330,ID_NNKGDGXG,32:48.8,1,4,26
GeneralDiscussion,1,,ID_UDIV3U,ID_I490PJTS,12:15.9,1,4,21
GeneralDiscussion,1,,ID_BAS4B2,ID_RQJL7XUV,14:12.7,1,4,21
GeneralDiscussion,1,,ID_18MONK,ID_SNWB1GI4,51:01.1,1,4,18
GeneralDiscussion,1,,ID_PSQARX,ID_LK2XH0M4,21:35.5,1,4,26
GeneralDiscussion,1,,ID_I7VC4T,ID_LK2XH0M4,25:09.3,1,4,23
ID_KU2G,1,,ID_SOYQS4,ID_PNADKFXR,15:58.6,1,4,1
GeneralDiscussion,1,,ID_0VUK8H,ID_PNADKFXR,08:15.9,1,4,25
GeneralDiscussion,1,,ID_Z75KV0,ID_JVNVYYZ7,34:04.8,1,4,7
GeneralDiscussion,1,,ID_5NGGHB,ID_JVNVYYZ7,26:18.0,1,4,7
GeneralDiscussion,1,,ID_EMDWEQ,ID_VHTEL7C8,59:39.5,1,4,15
GeneralDiscussion,1,,ID_Z54OVG,ID_XQNKEOS6,42:17.3,1,4,1
GeneralDiscussion,1,,ID_V9F3AC,ID_W8MCT8YD,55:26.9,1,4,21
GeneralDiscussion,1,,ID_Z605HH,ID_9ARGSWSZ,11:49.7,1,4,21
ID_JRC2,0,1,ID_QKL17M,ID_TFJHRW7Q,45:49.5,1,4,4
GeneralDiscussion,1,,ID_6TLOU6,ID_WAFIP4VX,22:50.7,1,4,30
ID_WZ0H,1,,ID_5N6RHH,ID_JRCVF4HR,19:53.8,1,4,15
GeneralDiscussion,1,,ID_M3NACF,ID_I1E5Q4RR,24:23.0,1,4,28
GeneralDiscussion,1,,ID_W1JN3T,ID_CBRDD06U,55:47.4,1,4,7
GeneralDiscussion,1,,ID_11CJP5,ID_P3B83LIZ,50:06.1,1,4,28
ID_BXIL,0,4,ID_PP9Z38,ID_OLHE2H3H,06:07.1,1,4,11
ID_1261,0,,ID_PQ430O,ID_V9KCDAMP,17:35.9,1,4,9
GeneralDiscussion,1,,ID_A2DLG6,ID_V9KCDAMP,10:50.0,1,4,9
GeneralDiscussion,1,,ID_ZH25BA,ID_3O2WJBO1,03:45.4,1,4,23
GeneralDiscussion,1,,ID_78CUU3,ID_TI67GFQG,01:23.3,1,4,23
GeneralDiscussion,1,,ID_5SPZ9J,ID_EC2CGL7K,03:21.4,1,4,6
GeneralDiscussion,1,,ID_CSRPSR,ID_EC2CGL7K,04:36.8,1,4,6
GeneralDiscussion,1,,ID_FHSD5A,ID_3SHWEW93,51:19.4,1,4,7
ID_BXIL,1,,ID_JCMU70,ID_L6WYWZ4Y,15:12.1,1,4,18
GeneralDiscussion,1,,ID_DO50XR,ID_L6WYWZ4Y,30:45.5,1,4,19
ID_F7QD,0,5,ID_RJU1E2,ID_XTEGR72A,45:44.9,1,4,23
ID_KU2G,1,,ID_VU3LGR,ID_KDLD3RT6,47:43.8,1,4,10
ID_WZ0H,0,2,ID_X1H9RO,ID_FQKN4YDQ,14:04.1,1,4,26
GeneralDiscussion,1,,ID_YEIRA4,ID_G23GVFJH,57:37.3,1,4,21
GeneralDiscussion,1,,ID_EWSHN6,ID_1PSAAITO,40:48.1,1,4,22
ID_WZ0H,0,1,ID_GIMWHB,ID_1PSAAITO,54:03.0,1,4,22
ID_WZ0H,1,,ID_XKJ2GW,ID_TX23VD0S,17:44.7,1,4,29
GeneralDiscussion,1,,ID_PANPQG,ID_IFHP4XCB,31:23.6,1,4,4
ID_JX23,1,,ID_H5NORT,ID_AS86YZ4O,30:40.1,1,4,12
ID_BXIL,1,,ID_DDQBET,ID_BJE0MYLV,12:20.5,1,4,19
GeneralDiscussion,1,,ID_W8XH93,ID_3MX565D3,07:40.2,1,4,29
GeneralDiscussion,1,,ID_GIKYU3,ID_0B4QM3RG,26:23.5,1,4,2
GeneralDiscussion,1,,ID_PBXT5H,ID_5MOE6KE5,42:11.7,1,4,5
ID_BXIL,1,,ID_QTSGAF,ID_5MOE6KE5,37:17.3,1,4,5
GeneralDiscussion,0,3,ID_NIMH2H,ID_RW8VX86B,36:53.4,1,4,27
ID_WZ0H,1,,ID_TWIVHP,ID_0L1VD9QS,20:02.5,1,4,15
GeneralDiscussion,1,,ID_NFSP3G,ID_0L1VD9QS,59:21.9,1,4,15
GeneralDiscussion,1,,ID_SU4LGW,ID_0N67Z8YC,16:57.1,1,4,19
GeneralDiscussion,1,,ID_QPDAT4,ID_R4UULK37,23:32.9,1,4,4
GeneralDiscussion,1,,ID_SY2I5C,ID_R4UULK37,57:27.6,1,4,6
GeneralDiscussion,1,,ID_N6RGUJ,ID_ILCHUOII,42:46.4,1,4,5
GeneralDiscussion,1,,ID_FYOH8A,ID_89FE9YT4,41:55.9,1,4,22
ID_WZ0H,1,,ID_BEYPH3,ID_89FE9YT4,07:51.6,1,4,22
ID_WZ0H,0,3,ID_EI6BUZ,ID_L15XZ21Z,27:29.0,1,4,11
GeneralDiscussion,1,,ID_OICBOK,ID_L15XZ21Z,30:01.3,1,4,22
GeneralDiscussion,1,,ID_TFYH0U,ID_L15XZ21Z,37:45.8,1,4,22
ID_WZ0H,0,3,ID_W966ZO,ID_L15XZ21Z,29:08.5,1,4,14
ID_WZ0H,1,,ID_21YRUU,ID_U5U9QW3H,43:19.3,1,4,22
ID_Y1UE,0,2,ID_4OVG14,ID_12BX0AO4,14:46.1,1,4,24
GeneralDiscussion,1,,ID_6V0M5V,ID_G5Y0ZN2B,17:36.2,1,4,19
ID_WZ0H,1,,ID_7C0CC7,ID_ECRC1HNG,39:59.8,1,4,27
GeneralDiscussion,1,,ID_K6PQN2,ID_V3JG8CM5,13:56.5,1,4,29
GeneralDiscussion,1,,ID_HBIWFA,ID_D7L0C2OT,39:48.4,1,4,6
GeneralDiscussion,1,,ID_CR2MJL,ID_7GXHFWNO,48:59.0,1,4,4
GeneralDiscussion,1,,ID_QM8C26,ID_VTMKMDCQ,08:14.7,1,4,29
GeneralDiscussion,1,,ID_DEIDWC,ID_VTMKMDCQ,13:05.7,1,4,29
GeneralDiscussion,1,,ID_184YCE,ID_83I8XCE9,37:35.4,1,4,27
ID_WZ0H,1,,ID_FSHP1R,ID_CYPRXF8H,58:25.9,1,4,22
ID_WZ0H,0,3,ID_CPP5R7,ID_KWHW91QY,49:20.1,1,4,15
ID_WZ0H,1,,ID_EEI66S,ID_UQQUUSUJ,09:07.0,1,4,16
GeneralDiscussion,1,,ID_VI83GF,ID_Y0JQGSS4,13:03.7,1,4,20
GeneralDiscussion,1,,ID_AW0QJY,ID_J2JB1SHW,11:04.1,1,4,16
GeneralDiscussion,1,,ID_T9HBNC,ID_MW7W034B,50:58.0,1,4,14
ID_HCN1,0,1,ID_ONQEAR,ID_CEDNKSVV,36:22.5,1,5,9
GeneralDiscussion,1,,ID_WM200F,ID_CEDNKSVV,50:45.3,1,5,21
GeneralDiscussion,1,,ID_MZYCFF,ID_CEDNKSVV,29:34.0,1,5,10
ID_IMTG,1,,ID_9HZTC6,ID_C1C7WUYP,24:48.5,1,5,18
ID_IMTG,0,,ID_RMY9S4,ID_20SB8DIP,29:27.4,1,5,18
GeneralDiscussion,1,,ID_ROC2IB,ID_20SB8DIP,48:45.8,1,5,17
ID_WZ0H,0,1,ID_A4R9P4,ID_6M3A5PP2,49:34.2,1,5,21
ID_XZ71,0,3,ID_XBATJ0,ID_6M3A5PP2,08:03.2,1,5,27
GeneralDiscussion,1,,ID_JFHLQR,ID_6FWILK4H,18:37.5,1,5,19
GeneralDiscussion,1,,ID_76J586,ID_6FWILK4H,35:45.4,1,5,23
GeneralDiscussion,1,,ID_TI5F41,ID_J5IMTVWB,51:12.8,1,5,18
GeneralDiscussion,1,,ID_51U548,ID_RLGUU3M6,04:04.2,1,5,4
ID_XZ71,1,,ID_2GH1LQ,ID_J3O9NNMF,32:00.3,1,5,24
GeneralDiscussion,1,,ID_03CQEX,ID_OKMQ09PE,40:48.5,1,5,20
ID_IMTG,1,,ID_4EOHS3,ID_V908PL8F,00:43.3,1,5,15
ID_XZ71,0,3,ID_HOPPHQ,ID_8VZRG8K7,32:29.1,1,5,22
GeneralDiscussion,0,1,ID_LZ60XN,ID_297OIO5Y,15:29.3,1,5,7
GeneralDiscussion,1,,ID_DMY7VR,ID_KEX6J71Q,03:10.7,1,5,15
ID_IMTG,1,,ID_8S6459,ID_KEX6J71Q,27:40.8,1,5,15
GeneralDiscussion,1,,ID_BZKYQY,ID_KCFTLTIF,31:13.4,1,5,26
GeneralDiscussion,1,,ID_70S9PM,ID_NVKEJ1JN,26:08.0,1,5,15
ID_CFN7,1,,ID_YQL51Y,ID_VKP1HAZ1,29:23.2,1,5,25
GeneralDiscussion,1,,ID_DA3RTQ,ID_976UY1FK,43:16.4,1,5,18
ID_IMTG,1,,ID_X3RK2C,ID_W9BBUBJ8,17:01.7,1,5,15
GeneralDiscussion,1,,ID_YV3A5E,ID_OEBTE0TB,36:46.5,1,5,12
GeneralDiscussion,1,,ID_PWKRIO,ID_E9PKCTOS,10:11.1,1,5,18
ID_IMTG,1,,ID_BY9NIX,ID_L3FTTCQ0,31:15.8,1,5,15
ID_IMTG,1,,ID_HGCA3F,ID_AIKPG4D4,41:57.0,1,5,18
ID_IMTG,0,3,ID_AZGU5X,ID_AIKPG4D4,56:47.9,1,5,19
GeneralDiscussion,1,,ID_P4CDUV,ID_AIKPG4D4,38:42.1,1,5,23
GeneralDiscussion,1,,ID_CG0IHS,ID_AIKPG4D4,46:33.3,1,5,23
GeneralDiscussion,1,,ID_0R8AHA,ID_5OGCZDNL,30:30.4,1,5,18
ID_BXIL,0,,ID_EKD7A7,ID_R0K9HCU5,10:35.0,1,5,2
ID_CFN7,0,,ID_J0G62C,ID_SYCH7URE,27:51.1,1,5,15
ID_F7QD,0,,ID_61YQ0J,ID_SYCH7URE,07:42.6,1,5,14
GeneralDiscussion,1,,ID_YPKVL1,ID_SYCH7URE,42:35.4,1,5,14
GeneralDiscussion,1,,ID_JXQV2X,ID_KMKR6WOQ,47:14.7,1,5,15
ID_CFN7,0,1,ID_41EXH0,ID_UPC2QUCE,24:11.3,1,5,25
GeneralDiscussion,1,,ID_DANBXO,ID_UPC2QUCE,16:53.4,1,5,26
GeneralDiscussion,1,,ID_6VZPWW,ID_KABHY0IT,23:09.6,1,5,4
ID_IMTG,0,1,ID_EDSIFD,ID_KABHY0IT,05:33.1,1,5,15
GeneralDiscussion,0,,ID_GQ9YCS,ID_KABHY0IT,46:39.5,1,5,7
GeneralDiscussion,1,,ID_BXMB7T,ID_KABHY0IT,36:14.0,1,5,5
ID_WZ0H,0,,ID_Z4XB42,ID_KABHY0IT,42:06.2,1,5,10
GeneralDiscussion,1,,ID_Y5B241,ID_IKUP3NOT,35:58.9,1,5,15
GeneralDiscussion,1,,ID_1SJ9DK,ID_IKUP3NOT,43:29.1,1,5,15
ID_IMTG,1,,ID_5P8RKA,ID_ZD20NJFA,54:34.6,1,5,15
GeneralDiscussion,1,,ID_42GID0,ID_WW7YJL8G,15:14.5,1,5,12
GeneralDiscussion,1,,ID_68ROO3,ID_ZUYKQ8J0,25:36.7,1,5,22
ID_IMTG,0,1,ID_JHOXXC,ID_ZUYKQ8J0,29:40.7,1,5,19
GeneralDiscussion,1,,ID_7C7WJ0,ID_ZUYKQ8J0,21:12.3,1,5,22
GeneralDiscussion,1,,ID_88YNHM,ID_ZUYKQ8J0,05:53.3,1,5,23
GeneralDiscussion,1,,ID_ANOITC,ID_ZUYKQ8J0,23:46.6,1,5,22
ID_WZ0H,1,,ID_AW3LDX,ID_YUC7PJYV,54:54.0,1,5,16
ID_CFN7,1,,ID_NIHIZA,ID_YUC7PJYV,30:34.2,1,5,16
GeneralDiscussion,1,,ID_DMZ22C,ID_55LOQV8Q,08:24.7,1,5,18
GeneralDiscussion,1,,ID_EG4I3Y,ID_0KSQO71Z,28:24.4,1,5,15
GeneralDiscussion,1,,ID_ME59CY,ID_MB6CO471,32:14.7,1,5,7
GeneralDiscussion,1,,ID_OV20OL,ID_CKAKK7W8,32:22.7,1,5,15
GeneralDiscussion,1,,ID_REAPC9,ID_IF1EMH2D,33:21.9,1,5,18
GeneralDiscussion,1,,ID_ACP61T,ID_6FWB89V7,36:40.3,1,5,26
GeneralDiscussion,1,,ID_SY5CR9,ID_0HI8E3M8,11:52.4,1,5,11
GeneralDiscussion,1,,ID_7QYRM8,ID_0HI8E3M8,14:55.6,1,5,11
GeneralDiscussion,1,,ID_5K0A2S,ID_0HI8E3M8,38:42.9,1,5,7
GeneralDiscussion,1,,ID_RG1C9D,ID_0HI8E3M8,12:40.6,1,5,11
GeneralDiscussion,1,,ID_OVM21M,ID_ZHQ23E49,10:25.8,1,5,18
GeneralDiscussion,1,,ID_5UXRVW,ID_U2EZCKOO,31:45.0,1,5,15
GeneralDiscussion,1,,ID_CJ3TMR,ID_0RJ4YV3T,49:46.2,1,5,20
GeneralDiscussion,1,,ID_ZQRYOA,ID_0RJ4YV3T,27:10.7,1,5,20
GeneralDiscussion,0,,ID_7BVKP9,ID_0RJ4YV3T,22:13.0,1,5,20
GeneralDiscussion,1,,ID_3Z34QM,ID_0RJ4YV3T,53:16.2,1,5,20
GeneralDiscussion,1,,ID_K7BXO9,ID_R6I7YJEQ,10:24.7,1,5,20
ID_8DGC,0,,ID_4F10F7,ID_J687MZVQ,02:51.3,1,5,15
ID_HCN1,1,,ID_Q8J0AJ,ID_DK6FQW63,00:23.5,1,5,5
GeneralDiscussion,1,,ID_B7HFEF,ID_C4YWC2KV,31:04.1,1,5,3
GeneralDiscussion,1,,ID_IQ45ME,ID_C4YWC2KV,44:57.4,1,5,7
GeneralDiscussion,1,,ID_KBHVGY,ID_CKUIQ0XV,29:38.5,1,5,14
GeneralDiscussion,1,,ID_VMS16E,ID_5DQMGGQF,19:31.5,1,5,21
GeneralDiscussion,1,,ID_P73835,ID_XDH8IJ1N,29:27.5,1,5,13
GeneralDiscussion,0,2,ID_MH3ZEB,ID_Y4XDFF95,58:38.6,1,5,12
GeneralDiscussion,1,,ID_QA79U8,ID_WO413KN4,46:08.9,1,5,18
ID_CMWO,1,,ID_D48EP3,ID_G0FQV5V1,34:45.6,1,5,24
GeneralDiscussion,1,,ID_8IYX5N,ID_YSQ7NA5X,03:49.9,1,5,25
GeneralDiscussion,1,,ID_KCT330,ID_QS1JZ6Q8,53:00.0,1,5,18
GeneralDiscussion,1,,ID_A5VTFM,ID_RKBD2N11,29:42.7,1,5,7
ID_WZ0H,1,,ID_ACID6S,ID_Z33XCY3Z,43:34.6,1,5,18
GeneralDiscussion,1,,ID_323UJC,ID_PNADKFXR,05:29.1,1,5,3
ID_KU2G,0,1,ID_JC3AJJ,ID_PNADKFXR,50:53.1,1,5,3
GeneralDiscussion,1,,ID_2XSK4Y,ID_PNADKFXR,03:40.3,1,5,3
GeneralDiscussion,1,,ID_27NP94,ID_PNADKFXR,42:06.9,1,5,23
ID_IMTG,1,,ID_DJFGRU,ID_7D2CMXBU,01:18.6,1,5,18
GeneralDiscussion,1,,ID_EE5GSZ,ID_7D2CMXBU,19:54.0,1,5,19
GeneralDiscussion,1,,ID_DU3U0L,ID_LB5Z2205,16:38.6,1,5,16
GeneralDiscussion,1,,ID_2T2J2S,ID_SBTW8S21,32:27.0,1,5,4
GeneralDiscussion,1,,ID_2NNG11,ID_GAXXOYPL,38:45.4,1,5,6
GeneralDiscussion,1,,ID_R1KLHG,ID_GAXXOYPL,32:51.0,1,5,6
GeneralDiscussion,1,,ID_D0UWT6,ID_GAXXOYPL,36:47.0,1,5,6
ID_IMTG,1,,ID_OUPHCO,ID_MVQVZXQ1,26:23.2,1,5,16
GeneralDiscussion,0,,ID_EH7SAV,ID_E74EEO6T,49:14.5,1,5,11
GeneralDiscussion,1,,ID_LLQNH3,ID_J6K84F0X,22:50.9,1,5,26
GeneralDiscussion,1,,ID_Z9JMVC,ID_ZAATEZCA,00:03.1,1,5,12
GeneralDiscussion,1,,ID_GYSG51,ID_M2YH97VM,12:13.1,1,5,13
ID_XZ71,0,,ID_841HPQ,ID_KIUSIFLZ,09:31.4,1,5,20
GeneralDiscussion,1,,ID_1O1CMS,ID_OL0BTDUT,35:51.4,1,5,20
GeneralDiscussion,1,,ID_AF3LFL,ID_7HY0LWJH,29:29.5,1,5,9
GeneralDiscussion,0,2,ID_LL4EFW,ID_L818GB2T,46:02.6,1,5,13
GeneralDiscussion,1,,ID_ILG9FX,ID_OLHE2H3H,59:58.0,1,5,2
GeneralDiscussion,0,,ID_UFSP2Q,ID_OLHE2H3H,07:26.1,1,5,2
ID_BXIL,0,4,ID_U8QHO4,ID_OLHE2H3H,32:11.0,1,5,5
GeneralDiscussion,1,,ID_TOMG36,ID_O0W2OBHQ,30:26.4,1,5,7
GeneralDiscussion,1,,ID_XQWLO7,ID_8I081N8M,47:30.1,1,5,10
ID_CYEF,0,1,ID_XBZS7Z,ID_8I081N8M,51:15.0,1,5,11
ID_8BH9,0,1,ID_LMEHDB,ID_8I081N8M,29:57.4,1,5,10
ID_IMTG,1,,ID_C8AGE5,ID_5Y3IWORD,58:25.2,1,5,15
GeneralDiscussion,1,,ID_FO2QHC,ID_C6JG6G5X,17:19.4,1,5,15
ID_8DGC,1,,ID_UYGCM8,ID_C6JG6G5X,28:05.9,1,5,15
ID_XZ71,0,3,ID_VA7LC5,ID_6LUXD0K2,14:19.9,1,5,3
GeneralDiscussion,1,,ID_HSHD57,ID_OL2VKQD1,56:08.4,1,5,16
ID_IMTG,1,,ID_GHF5WO,ID_OL2VKQD1,01:13.1,1,5,16
GeneralDiscussion,1,,ID_TVDWQ4,ID_OL2VKQD1,30:17.5,1,5,16
GeneralDiscussion,1,,ID_KGG4YX,ID_238QP3ZV,57:02.6,1,5,26
GeneralDiscussion,1,,ID_0250LI,ID_238QP3ZV,24:26.1,1,5,23
ID_WZ0H,1,,ID_P4EKGK,ID_R86E5NBS,17:35.4,1,5,23
ID_IMTG,1,,ID_93LEXV,ID_R86E5NBS,50:12.3,1,5,17
ID_IMTG,1,,ID_QAIL8Z,ID_2ETD3PQG,18:41.5,1,5,15
ID_IMTG,0,3,ID_LIANNE,ID_2ETD3PQG,21:33.4,1,5,15
GeneralDiscussion,1,,ID_OGR1M0,ID_KRPZMLA1,40:57.9,1,5,16
ID_WZ0H,1,,ID_IYJ4HK,ID_NOY58Z0R,11:58.3,1,5,21
GeneralDiscussion,1,,ID_14FUD5,ID_625MIF22,28:58.7,1,5,2
ID_IMTG,1,,ID_9WK2II,ID_PXAFF797,03:03.2,1,5,16
GeneralDiscussion,1,,ID_TYIHMH,ID_INFJLP4D,37:26.0,1,5,3
GeneralDiscussion,1,,ID_SRUJ80,ID_IB6MO97R,57:26.2,1,5,9
GeneralDiscussion,1,,ID_XCTC6O,ID_S7R59PDM,18:11.1,1,5,11
GeneralDiscussion,1,,ID_VDOE81,ID_D27TG87K,06:07.7,1,5,20
GeneralDiscussion,1,,ID_UC84K4,ID_H318TSAN,15:09.3,1,5,15
GeneralDiscussion,1,,ID_RXMMTZ,ID_8HMEN99F,01:04.8,1,5,6
GeneralDiscussion,1,,ID_32PECZ,ID_VYAX7HIE,11:24.4,1,5,24
ID_CMWO,1,,ID_1ZGYUL,ID_VYAX7HIE,53:14.0,1,5,24
ID_IMTG,0,,ID_Q1K8TT,ID_Q7NVMROM,17:24.1,1,5,16
GeneralDiscussion,1,,ID_8C10LO,ID_XT3197H1,25:56.8,1,5,15
ID_IMTG,1,,ID_Y9W63Y,ID_IXVBPGKT,27:07.5,1,5,15
ID_IMTG,0,,ID_IUNRY3,ID_ZWYAW0EY,54:08.9,1,5,15
GeneralDiscussion,1,,ID_5LFZQ1,ID_ZWYAW0EY,58:38.6,1,5,15
ID_CMWO,1,,ID_KH1HGI,ID_59ZD45EC,33:25.9,1,5,5
GeneralDiscussion,1,,ID_TOEO2N,ID_NBR11LG9,47:55.4,1,5,13
ID_1CTF,1,,ID_3AF4IU,ID_NBR11LG9,46:09.8,1,5,13
ID_8DGC,1,,ID_XR8YEU,ID_NBR11LG9,57:51.7,1,5,13
GeneralDiscussion,1,,ID_035L08,ID_0MXRZPKD,58:47.6,1,5,13
GeneralDiscussion,1,,ID_J7MSIF,ID_E5XHY958,37:14.4,1,5,4
GeneralDiscussion,1,,ID_CV7NNG,ID_AJPFI18F,57:57.5,1,5,13
ID_IMTG,1,,ID_G0PAE6,ID_AG1H5KC6,51:21.0,1,5,15
ID_CMWO,1,,ID_E0M7V0,ID_14ZELUK1,54:51.1,1,5,13
GeneralDiscussion,1,,ID_QLCYH3,ID_14ZELUK1,11:34.8,1,5,12
ID_IMTG,1,,ID_HIXZIT,ID_VCMUDXJ5,54:29.9,1,5,15
GeneralDiscussion,1,,ID_ZARWAB,ID_1IK4O0Q7,58:56.6,1,5,1
ID_IMTG,1,,ID_72RVSF,ID_26DPEXQO,46:06.8,1,5,15
ID_IMTG,0,,ID_3EY3CJ,ID_26DPEXQO,19:54.4,1,5,16
GeneralDiscussion,0,1,ID_E4E0KC,ID_26DPEXQO,18:43.9,1,5,16
ID_VGMZ,1,,ID_NZ4QVB,ID_3OFNEWO6,56:54.4,1,5,24
GeneralDiscussion,1,,ID_TVEC6F,ID_OW8STYKT,43:58.6,1,5,15
GeneralDiscussion,1,,ID_1L6Q0P,ID_H8OOC4AO,52:45.6,1,5,16
GeneralDiscussion,1,,ID_J9QA18,ID_ED03DUP1,20:44.9,1,5,19
ID_8DGC,1,,ID_L3LO7T,ID_GGBOALUF,20:25.9,1,5,13
ID_IMTG,1,,ID_KAYUFV,ID_YXZN32BZ,58:19.8,1,5,19
GeneralDiscussion,1,,ID_5IPBW8,ID_97SDA0SP,03:45.0,1,5,19
GeneralDiscussion,1,,ID_A0923P,ID_VB6LHFJ0,29:32.8,1,5,4
ID_IMTG,1,,ID_8LQT0X,ID_WPXWRQWX,37:37.1,1,5,16
GeneralDiscussion,1,,ID_V12A98,ID_HGPPZJXU,17:42.8,1,5,16
GeneralDiscussion,0,,ID_CB7NBA,ID_3C6JI8KX,09:59.2,1,5,16
ID_XZ71,1,,ID_K6YL7D,ID_S449146L,27:37.1,1,5,23
ID_8DGC,0,,ID_J77W53,ID_P6XU30J7,17:03.8,1,5,13
GeneralDiscussion,1,,ID_PXD2VD,ID_P6XU30J7,56:05.6,1,5,14
GeneralDiscussion,1,,ID_NWSNSS,ID_QFOI5L3D,23:16.5,1,5,13
GeneralDiscussion,1,,ID_3I8QMT,ID_NHQF5K5Y,45:39.0,1,5,16
GeneralDiscussion,1,,ID_B25VJK,ID_DQ5LIBK3,42:10.2,1,5,27
GeneralDiscussion,1,,ID_AHPJTY,ID_DQ5LIBK3,53:16.4,1,5,27
GeneralDiscussion,1,,ID_1MTD2T,ID_DQ5LIBK3,50:47.8,1,5,27
GeneralDiscussion,1,,ID_SUISU2,ID_DQ5LIBK3,49:16.0,1,5,27
GeneralDiscussion,1,,ID_091X7I,ID_DOZZR65R,19:04.9,1,5,11
GeneralDiscussion,1,,ID_QM8Q15,ID_F8SRWB6R,05:46.1,1,5,7
GeneralDiscussion,1,,ID_4UUP3U,ID_0OG49CMM,54:31.4,1,5,13
GeneralDiscussion,1,,ID_P2FDKC,ID_WVFNW1P8,37:07.6,1,5,13
GeneralDiscussion,1,,ID_2GNS8V,ID_44ILNOVV,59:48.9,1,5,7
ID_8DGC,1,,ID_C7W2VX,ID_BT11U37O,20:33.4,1,5,13
GeneralDiscussion,1,,ID_C9B77U,ID_PXOU1TC2,47:56.5,1,5,11
GeneralDiscussion,1,,ID_Z4L4B3,ID_E7SKL6R4,43:58.3,1,5,1
ID_WZ0H,0,3,ID_1LCBM5,ID_Y22D4LAP,09:21.0,1,5,22
GeneralDiscussion,1,,ID_2WDVIH,ID_8P3X8ITI,22:22.1,1,5,13
GeneralDiscussion,1,,ID_Z7J9EE,ID_LD7YPUWW,52:17.1,1,5,22
GeneralDiscussion,1,,ID_QG8PA0,ID_293NZHFQ,22:41.2,1,5,17
GeneralDiscussion,1,,ID_1GHTD9,ID_ZPVYGUPG,21:16.7,1,5,11
GeneralDiscussion,1,,ID_BY4VNV,ID_Z57CVU84,53:59.8,1,5,23
ID_XZ71,0,3,ID_NPM0IR,ID_Z57CVU84,31:20.1,1,5,22
GeneralDiscussion,1,,ID_WYQTIJ,ID_Z57CVU84,22:15.6,1,5,19
GeneralDiscussion,1,,ID_0U4NJ0,ID_AXN30OAN,32:31.9,1,5,1
GeneralDiscussion,1,,ID_V1R50Z,ID_U91NSYHH,13:32.8,1,5,1
GeneralDiscussion,0,4,ID_5WGN69,ID_U9Y6ARH0,56:23.6,1,5,10
GeneralDiscussion,1,,ID_I0VMKD,ID_D22VCKMS,04:13.1,1,5,27
GeneralDiscussion,0,5,ID_TJSISA,ID_CCGMKAG1,42:44.1,1,5,26
GeneralDiscussion,1,,ID_DCICZN,ID_CCGMKAG1,26:23.1,1,5,10
GeneralDiscussion,1,,ID_K8PU89,ID_CCGMKAG1,24:30.3,1,5,10
GeneralDiscussion,1,,ID_XFDJ09,ID_CCGMKAG1,17:25.7,1,5,10
GeneralDiscussion,1,,ID_PN28KJ,ID_ZFKPWTM1,36:23.2,1,5,8
ID_XZ71,1,,ID_EC8EBJ,ID_OEARMPEW,09:41.7,1,5,7
GeneralDiscussion,1,,ID_DITJ06,ID_7RTYRXKX,08:46.3,1,5,7
ID_CFN7,0,3,ID_ANKVI9,ID_VPXMHU3X,49:45.4,1,5,23
ID_IMTG,1,,ID_WMNY23,ID_MYLCM8SB,21:37.3,1,5,17
GeneralDiscussion,1,,ID_0DZP0E,ID_O9MXTPFO,20:56.6,1,5,1
GeneralDiscussion,1,,ID_4XLS3C,ID_CHQ25OVQ,28:07.2,1,5,1
GeneralDiscussion,1,,ID_ENSSHN,ID_FBN1DTUB,05:23.8,1,5,20
GeneralDiscussion,1,,ID_DCYI38,ID_ABNETIDP,31:33.6,1,5,17
ID_F7QD,0,,ID_UM7JBO,ID_29LID8U7,32:58.8,1,5,25
GeneralDiscussion,1,,ID_EEYIGI,ID_RT5V4OSE,56:38.1,1,5,25
GeneralDiscussion,1,,ID_XQNC28,ID_2INFLUC8,01:56.4,1,5,14
GeneralDiscussion,1,,ID_XCLCIF,ID_H0KRMYBG,36:26.1,1,5,14
ID_WZ0H,1,,ID_DY6C4Y,ID_X1AB052M,42:37.4,1,5,3
GeneralDiscussion,1,,ID_E8FOVB,ID_9URPU7DI,56:25.4,1,5,25
GeneralDiscussion,1,,ID_K0MTC7,ID_DUU0D8QN,10:12.3,1,5,12
ID_IMTG,0,,ID_DRLP7L,ID_5ZZ5Q3UA,13:37.1,1,5,17
GeneralDiscussion,1,,ID_RKCEUF,ID_BLADNOBG,34:56.7,1,5,21
GeneralDiscussion,1,,ID_STI5E5,ID_DNHU4VDH,15:11.5,1,5,21
GeneralDiscussion,1,,ID_BEFYVW,ID_3QDDZPR5,06:45.3,1,5,23
GeneralDiscussion,1,,ID_Z7PFYR,ID_3QDDZPR5,53:35.9,1,5,23
GeneralDiscussion,1,,ID_YA4SV1,ID_AAJKI0P3,11:32.4,1,5,23
GeneralDiscussion,1,,ID_09W0TZ,ID_AAJKI0P3,15:31.1,1,5,23
GeneralDiscussion,1,,ID_613AUJ,ID_8A3X5IWU,06:11.2,1,5,14
GeneralDiscussion,1,,ID_TCN8TB,ID_3NL0QLE6,57:31.6,1,5,12
GeneralDiscussion,1,,ID_FTJ37Z,ID_3PL1LQQX,11:59.3,1,5,9
GeneralDiscussion,0,5,ID_Z6GQFI,ID_2WNF14QT,12:53.2,1,11,29
GeneralDiscussion,1,,ID_4GESO6,ID_Z71GBXXN,07:00.6,1,11,29
GeneralDiscussion,1,,ID_FTZ7TY,ID_ZXK5J6NG,48:01.0,1,11,21
GeneralDiscussion,1,,ID_ZP146Q,ID_MIJHOOWM,58:15.4,1,11,24
GeneralDiscussion,1,,ID_498CDU,ID_3VY91NNJ,54:18.3,1,11,27
GeneralDiscussion,1,,ID_2RGBWX,ID_6PQ9N853,17:34.5,1,11,4
GeneralDiscussion,1,,ID_O9ELBK,ID_J1DNV3PX,22:06.6,1,11,8
GeneralDiscussion,1,,ID_HJ2878,ID_J1DNV3PX,00:28.5,1,11,10
GeneralDiscussion,1,,ID_IBYR1Z,ID_F6SA2BTI,52:02.2,1,11,29
GeneralDiscussion,1,,ID_OOKKC3,ID_C0QUD2KC,43:52.1,1,11,29
GeneralDiscussion,1,,ID_HW4QRK,ID_FBK68GYA,21:56.3,1,11,29
GeneralDiscussion,1,,ID_XREUCH,ID_A8EW7SV5,18:23.2,1,11,15
GeneralDiscussion,1,,ID_VQF90P,ID_D4SFQXQM,39:05.8,1,11,7
ID_AL6C,0,,ID_Z4WUB8,ID_JHTL8NV3,55:08.2,1,11,5
GeneralDiscussion,1,,ID_KZSU6P,ID_DOFHSRRN,02:48.6,1,11,10
GeneralDiscussion,1,,ID_TUMBO8,ID_UB6UDOA9,53:11.1,1,11,11
GeneralDiscussion,0,1,ID_JNB0EQ,ID_59S83OBM,55:38.9,1,11,18
GeneralDiscussion,1,,ID_QLFSF8,ID_ZK2AVROW,51:32.2,1,11,4
GeneralDiscussion,1,,ID_8TDKLJ,ID_8K9SPQFI,05:08.2,1,11,26
GeneralDiscussion,1,,ID_HL5MU9,ID_5V8MKZIX,16:24.0,1,11,2
GeneralDiscussion,1,,ID_362X33,ID_DGGUPI36,41:23.6,1,11,2
GeneralDiscussion,0,5,ID_QPL7WD,ID_1U0KETMR,04:43.5,1,11,12
ID_IV5D,1,,ID_CJTQE6,ID_VZ3QN8M6,27:14.1,1,11,22
GeneralDiscussion,0,,ID_OL4IED,ID_MQ3YJASH,40:00.9,1,11,22
GeneralDiscussion,1,,ID_08MYGW,ID_5SFLTR6U,30:36.5,1,11,22
ID_IV5D,1,,ID_K7A2K9,ID_5UE32EON,31:19.5,1,11,22
GeneralDiscussion,1,,ID_P0NIEN,ID_HMTALY2P,35:31.8,1,11,22
GeneralDiscussion,1,,ID_WPDHJH,ID_655QXHXX,46:25.1,1,11,22
GeneralDiscussion,0,,ID_8AEZJA,ID_655QXHXX,47:36.3,1,11,22
GeneralDiscussion,1,,ID_5Q70FJ,ID_D9L2RWU7,52:46.5,1,11,19
ID_IV5D,1,,ID_59487K,ID_WET955CM,34:07.7,1,11,22
ID_IV5D,1,,ID_FLCL40,ID_CBANLA4O,06:42.5,1,11,22
GeneralDiscussion,1,,ID_3IN2TU,ID_OYH1KD85,19:01.7,1,11,22
GeneralDiscussion,1,,ID_H1KGYM,ID_RT43AK77,38:41.5,1,11,22
GeneralDiscussion,0,,ID_8H5NNJ,ID_Y3AMCXRC,24:37.3,1,11,23
ID_IV5D,1,,ID_NR7DTG,ID_LHPJJSOK,28:44.8,1,11,23
ID_IV5D,1,,ID_BN0X1T,ID_13J70IFY,41:00.4,1,11,22
ID_IV5D,1,,ID_1C6VOE,ID_1FR8CJ8B,45:53.1,1,11,23
ID_IV5D,1,,ID_MLW8N4,ID_LLXS99UN,25:55.6,1,11,22
GeneralDiscussion,0,5,ID_Y1FKVH,ID_02D2P483,37:08.7,1,11,28
ID_3AG0,0,5,ID_JTT71K,ID_L7J1HEBH,16:44.4,1,11,19
GeneralDiscussion,1,,ID_0BK7TH,ID_AAGFVLHH,48:26.9,1,12,27
GeneralDiscussion,1,,ID_ZFJ9J7,ID_0AJGQILU,37:52.0,1,12,20
GeneralDiscussion,1,,ID_251XVV,ID_F7HIGFHQ,56:13.0,1,12,27
GeneralDiscussion,1,,ID_E486XJ,ID_CEDNKSVV,54:31.3,1,12,19
ID_I9BN,0,4,ID_E0NHSS,ID_CEDNKSVV,02:43.8,1,12,23
ID_I9BN,0,1,ID_OIGXGK,ID_CEDNKSVV,51:04.2,1,12,19
ID_I9BN,0,4,ID_441BAB,ID_CEDNKSVV,09:45.7,1,12,23
GeneralDiscussion,1,,ID_3BAUHP,ID_L2NJMFNG,25:11.2,1,12,27
GeneralDiscussion,1,,ID_QEAGYD,ID_4KNC0WJL,53:20.6,1,12,17
GeneralDiscussion,1,,ID_ZJ2WNY,ID_4KNC0WJL,48:18.7,1,12,17
GeneralDiscussion,1,,ID_QRKHUJ,ID_4KNC0WJL,54:25.2,1,12,17
GeneralDiscussion,1,,ID_CBSUYH,ID_4KNC0WJL,33:47.5,1,12,26
ID_528W,0,5,ID_GUZ7T8,ID_JNZQMMX0,11:14.8,1,12,31
GeneralDiscussion,1,,ID_MN46HN,ID_5RENLVCS,27:53.9,1,12,28
GeneralDiscussion,1,,ID_JSUNBQ,ID_WR6VK06G,54:01.5,1,12,28
GeneralDiscussion,1,,ID_R4A04Y,ID_TBH4HI38,09:31.3,1,12,28
ID_PDKH,1,,ID_UPSD6I,ID_G23UREIF,30:25.1,1,12,2
ID_I9BN,1,,ID_OQ1LI4,ID_G23UREIF,06:18.1,1,12,21
GeneralDiscussion,1,,ID_NUJNCZ,ID_G23UREIF,06:12.2,1,12,1
GeneralDiscussion,1,,ID_IT5MBO,ID_P1TMAJQT,24:50.3,1,12,28
GeneralDiscussion,1,,ID_YZXO06,ID_2P6U2AFY,53:53.8,1,12,28
GeneralDiscussion,1,,ID_WPPGMR,ID_6B49ZLAB,41:14.0,1,12,27
ID_528W,0,,ID_BDZ090,ID_FDVZK203,55:38.9,1,12,29
ID_D242,0,,ID_QAVVG8,ID_29Z4T75G,45:33.1,1,12,27
GeneralDiscussion,1,,ID_4Y7TCJ,ID_29Z4T75G,47:01.9,1,12,27
GeneralDiscussion,1,,ID_NFCFFE,ID_XYUF9G9Y,55:59.4,1,12,27
GeneralDiscussion,1,,ID_FCDE13,ID_OJ2T55DP,43:43.6,1,12,26
GeneralDiscussion,1,,ID_DEQ5ID,ID_D96RNL1K,30:12.6,1,12,31
GeneralDiscussion,1,,ID_T7T197,ID_D96RNL1K,30:31.6,1,12,28
GeneralDiscussion,1,,ID_U36MFT,ID_8UP3EG1J,15:23.2,1,12,20
GeneralDiscussion,1,,ID_L9E36C,ID_CN1J1KDR,39:00.0,1,12,20
GeneralDiscussion,1,,ID_YILHPS,ID_CQ23EV8G,53:57.0,1,12,28
GeneralDiscussion,1,,ID_H6YDX8,ID_G8MVM42E,17:21.9,1,12,28
GeneralDiscussion,1,,ID_UKA4SO,ID_G8MVM42E,15:45.4,1,12,28
GeneralDiscussion,1,,ID_Y49WES,ID_695FGT57,00:57.9,1,12,28
GeneralDiscussion,1,,ID_CZWVHQ,ID_3YX1PGJ1,59:05.8,1,12,28
GeneralDiscussion,1,,ID_RHRW1H,ID_3YX1PGJ1,51:07.8,1,12,29
GeneralDiscussion,1,,ID_SJV7RJ,ID_B73U9DYD,37:41.1,1,12,28
ID_PDKH,1,,ID_XJD6LF,ID_MIJHOOWM,17:36.7,1,12,17
ID_528W,0,,ID_7ICD7I,ID_RVHUZ9DP,53:54.4,1,12,28
GeneralDiscussion,1,,ID_VQWKT5,ID_RGDDQHT3,19:26.2,1,12,24
GeneralDiscussion,1,,ID_RZKDR3,ID_84CWTBAB,26:19.2,1,12,30
GeneralDiscussion,1,,ID_L54V4U,ID_8H72X9WG,43:51.2,1,12,28
GeneralDiscussion,1,,ID_7RL8LK,ID_OYTVOPY8,45:38.6,1,12,28
GeneralDiscussion,1,,ID_OZD66F,ID_WPWX9JIA,13:21.5,1,12,29
GeneralDiscussion,1,,ID_LH89E1,ID_WPWX9JIA,26:30.9,1,12,29
GeneralDiscussion,0,,ID_M6K8P9,ID_ARD7SXQW,50:34.9,1,12,11
GeneralDiscussion,1,,ID_8NH5KJ,ID_ASNA9QS7,50:50.4,1,12,31
GeneralDiscussion,1,,ID_68ZZUT,ID_92XXE97O,06:24.6,1,12,20
GeneralDiscussion,1,,ID_4NTWE5,ID_S713GRTM,53:39.9,1,12,30
GeneralDiscussion,1,,ID_FHUFNE,ID_S713GRTM,29:03.6,1,12,31
GeneralDiscussion,1,,ID_7NZRTO,ID_GEZ1IPEH,41:21.8,1,12,20
GeneralDiscussion,1,,ID_18EL2H,ID_98KP92NY,45:47.9,1,12,31
GeneralDiscussion,1,,ID_UKZITJ,ID_WXIO8176,51:38.7,1,12,28
GeneralDiscussion,1,,ID_Z5FZVT,ID_WANRNMZ8,53:28.5,1,12,29
GeneralDiscussion,1,,ID_13OFL3,ID_ISFHFK93,57:29.8,1,12,24
GeneralDiscussion,1,,ID_UTZ9NA,ID_J1DNV3PX,35:05.7,1,12,4
GeneralDiscussion,1,,ID_KIOWAW,ID_J1DNV3PX,35:55.7,1,12,18
GeneralDiscussion,1,,ID_B4Z5JQ,ID_J1DNV3PX,31:42.9,1,12,18
GeneralDiscussion,1,,ID_JU4W4O,ID_J1DNV3PX,19:48.2,1,12,5
GeneralDiscussion,0,,ID_G3UT22,ID_J1DNV3PX,13:41.9,1,12,3
GeneralDiscussion,1,,ID_B0YGL4,ID_J1DNV3PX,16:38.5,1,12,4
GeneralDiscussion,1,,ID_ZIZFPP,ID_J1DNV3PX,26:30.5,1,12,16
GeneralDiscussion,1,,ID_16T36X,ID_J1DNV3PX,37:27.5,1,12,16
GeneralDiscussion,1,,ID_1OFJUD,ID_J1DNV3PX,15:50.7,1,12,3
GeneralDiscussion,1,,ID_R2E7MI,ID_J1DNV3PX,35:51.8,1,12,4
ID_GR92,0,,ID_CKQCTO,ID_8NLD13PJ,39:02.6,1,12,31
GeneralDiscussion,1,,ID_W38W66,ID_PCOK6YYS,42:22.4,1,12,31
GeneralDiscussion,1,,ID_B9ZYZ1,ID_K910RT3K,29:36.5,1,12,17
ID_528W,0,,ID_QNN63N,ID_7ICXZH0P,42:20.7,1,12,29
GeneralDiscussion,1,,ID_MWKX93,ID_7ICXZH0P,05:25.2,1,12,29
GeneralDiscussion,1,,ID_I06IV9,ID_YUJ5Z02R,21:12.1,1,12,29
GeneralDiscussion,1,,ID_AKIFL8,ID_0I8QIFQ1,56:43.6,1,12,29
ID_528W,0,,ID_1ID2D8,ID_GKRH4XL7,57:52.1,1,12,31
GeneralDiscussion,1,,ID_MVH097,ID_RZPQWNK7,07:53.4,1,12,31
ID_528W,0,1,ID_2FV7GY,ID_RZPQWNK7,07:38.0,1,12,29
GeneralDiscussion,1,,ID_72ZNNL,ID_JAGR33YS,49:09.9,1,12,29
GeneralDiscussion,1,,ID_V5431U,ID_RQEQ74SK,03:11.4,1,12,29
GeneralDiscussion,0,1,ID_3FL4NX,ID_RD4EFISK,31:48.9,1,12,25
ID_PDKH,1,,ID_316E0U,ID_SLPRHQVH,05:57.0,1,12,24
ID_I9BN,1,,ID_WKN6I8,ID_6RUX54I5,32:12.8,1,12,17
ID_I9BN,0,1,ID_85N7JD,ID_YKMUQUT0,09:20.8,1,12,16
ID_I9BN,0,,ID_BN1ECZ,ID_YKMUQUT0,12:22.1,1,12,16
GeneralDiscussion,1,,ID_IN31XT,ID_B6V7SME9,40:22.5,1,12,29
GeneralDiscussion,1,,ID_LKXXTT,ID_DRUAA4WO,20:00.3,1,12,29
GeneralDiscussion,1,,ID_KCJM7K,ID_TROKANDP,51:40.7,1,12,29
GeneralDiscussion,1,,ID_PM7CAU,ID_AL24Q6O5,39:07.1,1,12,30
GeneralDiscussion,1,,ID_GLYSW2,ID_B0JPI173,59:02.2,1,12,27
GeneralDiscussion,1,,ID_UIHW12,ID_5J2NZ4VT,01:20.2,1,12,30
GeneralDiscussion,1,,ID_AC3LBV,ID_DZTDIJRL,47:56.6,1,12,27
GeneralDiscussion,1,,ID_VB97OC,ID_73UJN86W,55:29.9,1,12,27
GeneralDiscussion,1,,ID_IA98Z9,ID_ZDAVDH08,30:29.7,1,12,27
GeneralDiscussion,0,,ID_0P1934,ID_ZDAVDH08,24:20.3,1,12,27
ID_GR92,0,,ID_CVXQEH,ID_ZDAVDH08,18:36.2,1,12,27
GeneralDiscussion,1,,ID_5F9QGU,ID_2LI6CG54,54:15.7,1,12,27
GeneralDiscussion,1,,ID_HB8V4M,ID_6LWE19YA,04:44.3,1,12,27
GeneralDiscussion,1,,ID_YIW9C7,ID_GB6D4ANI,30:43.5,1,12,27
GeneralDiscussion,1,,ID_3S2PQ1,ID_21VIWJDD,41:00.2,1,12,25
GeneralDiscussion,1,,ID_TXOAZS,ID_NCZM5RWJ,06:50.5,1,12,29
GeneralDiscussion,1,,ID_4N76XA,ID_R09HV957,03:27.2,1,12,29
ID_PDKH,0,5,ID_E4R0I5,ID_LAX472KM,08:57.8,1,12,29
GeneralDiscussion,1,,ID_9AVLR1,ID_EUY30B6E,16:22.4,1,12,12
GeneralDiscussion,1,,ID_4F7WP3,ID_W6M55D1H,36:47.1,1,12,30
GeneralDiscussion,1,,ID_C3OFMD,ID_UICYNIYR,27:17.4,1,12,26
GeneralDiscussion,1,,ID_IMY0WN,ID_7SFUSKYN,17:34.4,1,12,30
GeneralDiscussion,1,,ID_PC8BDD,ID_XH4PIFYL,57:18.1,1,12,27
GeneralDiscussion,0,5,ID_VU85LR,ID_XH4PIFYL,00:28.9,1,12,27
GeneralDiscussion,1,,ID_XAGRVC,ID_QSW2RRM0,38:47.5,1,12,27
GeneralDiscussion,1,,ID_8KOY2R,ID_VJ49T0UI,49:15.1,1,12,27
GeneralDiscussion,1,,ID_8LUV9R,ID_S2A19CQO,55:20.5,1,12,27
GeneralDiscussion,1,,ID_HOVTT9,ID_CIAL3ZUN,18:51.8,1,12,21
GeneralDiscussion,1,,ID_ZO9MKF,ID_2A9440T3,01:26.8,1,12,27
GeneralDiscussion,1,,ID_VSB6TC,ID_CQAS26PI,47:11.8,1,12,27
GeneralDiscussion,1,,ID_6WXSSV,ID_P021KVS7,49:25.9,1,12,15
GeneralDiscussion,1,,ID_AGL815,ID_53F7JQTS,39:15.3,1,12,27
GeneralDiscussion,1,,ID_N0OWFV,ID_ZH2JCN29,00:26.2,1,12,27
GeneralDiscussion,1,,ID_ZM9LF6,ID_IHV6478U,13:55.4,1,12,27
GeneralDiscussion,1,,ID_CVBH60,ID_RP3JW08T,46:46.5,1,12,27
GeneralDiscussion,1,,ID_INZMNZ,ID_LNXTXN3P,06:01.2,1,12,21
GeneralDiscussion,1,,ID_ZGEWPJ,ID_LNXTXN3P,08:16.5,1,12,21
GeneralDiscussion,1,,ID_C0SYXY,ID_1IZ0GTAH,10:11.9,1,12,31
ID_GR92,0,,ID_R3DZX0,ID_C2MNPO7W,00:48.1,1,12,27
GeneralDiscussion,1,,ID_XBBKP6,ID_C2MNPO7W,52:42.9,1,12,27
ID_IQLI,0,,ID_AH1JU6,ID_A82BWVMS,30:51.2,1,12,13
GeneralDiscussion,1,,ID_NJ2YKL,ID_2D87FL7J,53:33.9,1,12,13
GeneralDiscussion,1,,ID_6KNO4G,ID_119BXRI6,56:07.8,1,12,15
GeneralDiscussion,1,,ID_REU8DF,ID_B7PEARDB,23:21.0,1,12,27
GeneralDiscussion,0,5,ID_45P849,ID_WGBBXMWW,21:11.1,1,12,21
ID_I9BN,1,,ID_8OGEVB,ID_HQQDB155,14:19.7,1,12,15
GeneralDiscussion,1,,ID_VW78DD,ID_X4BO0YND,42:39.9,1,12,27
GeneralDiscussion,1,,ID_FCU3RD,ID_D20917P3,20:30.0,1,12,6
GeneralDiscussion,1,,ID_97T4NW,ID_YBKATRP2,50:28.5,1,12,13
GeneralDiscussion,1,,ID_JYOKAW,ID_K540YK38,22:41.8,1,12,27
GeneralDiscussion,1,,ID_D2K2QB,ID_UHSFDFQW,46:02.6,1,12,15
GeneralDiscussion,1,,ID_77XKZN,ID_7Q8ED57K,56:17.9,1,12,15
GeneralDiscussion,1,,ID_25RZUN,ID_L0X1Z9JL,39:09.5,1,12,13
GeneralDiscussion,1,,ID_AFBZ8B,ID_BM3U9F8P,24:19.0,1,12,10
GeneralDiscussion,1,,ID_YPNFV6,ID_GSRQPWQC,30:42.5,1,12,23
GeneralDiscussion,1,,ID_P7MCWW,ID_ZZ852GLE,27:44.7,1,12,6
GeneralDiscussion,1,,ID_E1OY0G,ID_KWQO5UWI,12:11.9,1,12,8
GeneralDiscussion,1,,ID_CFHMW3,ID_71J2E9D0,04:39.8,1,12,1
GeneralDiscussion,1,,ID_9827TA,ID_S7NOFRKZ,38:08.6,1,12,13
GeneralDiscussion,1,,ID_LGP8AA,ID_UE0E4Z5B,38:17.4,1,12,6
GeneralDiscussion,1,,ID_P0ZSCA,ID_JBRDRGUM,03:37.9,1,12,16
GeneralDiscussion,1,,ID_9DDDOY,ID_FVMM35W5,06:14.3,1,12,20
GeneralDiscussion,1,,ID_3YUTES,ID_U6OS1K7Z,35:10.8,1,12,20
GeneralDiscussion,1,,ID_50D6SQ,ID_BZESAP1V,35:23.3,1,12,20
GeneralDiscussion,1,,ID_7SVH24,ID_9HQGMXAQ,59:17.9,1,12,27
GeneralDiscussion,1,,ID_AH4VQS,ID_P7WH2PKY,01:47.9,1,12,27
GeneralDiscussion,1,,ID_2FJJ2Y,ID_BJZH475Z,06:59.5,1,12,27
GeneralDiscussion,1,,ID_69SAHQ,ID_WOS0DS9R,31:30.6,1,12,27
GeneralDiscussion,1,,ID_8YQBHO,ID_U0AH7WFW,23:28.9,1,12,31
GeneralDiscussion,1,,ID_61CPLS,ID_URYOXTAI,28:42.0,1,12,27
GeneralDiscussion,1,,ID_PCWYJJ,ID_MZKE0OFE,41:15.5,1,12,27
GeneralDiscussion,1,,ID_TVGHW9,ID_79DX2AG0,21:04.3,1,12,27
